pdf_page,row_on_page,definition_original,example_original,headword_original,printed_number,content_id,source_order,recall_page,recall_definition_original,recall_example_original,recall_printed_number,suggested_lemma,lemma_status,word_family_key,inferred_source_number,number_inference_note,origin_tag_provisional,usage_tag_provisional,difficulty_band_proposal,tag_status,issue_ids,release_status,recall_answer_inferred,answer_inference_note
1,1,일이 순조롭지 않게 방해하는 일,예) 그녀는 까탈을 부리다,까탈,1,W0001,1,2,일이 순조롭지 않게 방해하는 일,예) 그녀는 (   )을 부리다,1,까탈,원문 형태 유지·사전 전수검증 전,까탈,1,,고유어 중심,문학·묘사·관용,B: 묘사·관용으로 확장,편집 초안; 학년 규준이 아님. 진단과 교사 검수로 조정,,사전·교사 검수 전,까탈,학습/빈칸 문장 대조에서 추정. 원문 정답표가 아님.
1,2,일을 해낼 만한 본인 능력,예) 성공을 위해 깜냥을 발휘하다,깜냥,2,W0002,2,2,일을 해낼 만한 본인 능력,예) 성공을 위해 (   )을 발휘하다,2,깜냥,원문 형태 유지·사전 전수검증 전,깜냥,2,,고유어 중심,문학·묘사·관용,B: 묘사·관용으로 확장,편집 초안; 학년 규준이 아님. 진단과 교사 검수로 조정,,사전·교사 검수 전,깜냥,학습/빈칸 문장 대조에서 추정. 원문 정답표가 아님.
1,3,한 달이 조금 넘는 기간,예) 달포 만에 고향에 도착하다,달포,3,W0003,3,2,한 달이 조금 넘는 기간,예) (   )만에 고향에 도착하다,3,달포,원문 형태 유지·사전 전수검증 전,달포,3,,고유어 중심,문학·묘사·관용,B: 묘사·관용으로 확장,편집 초안; 학년 규준이 아님. 진단과 교사 검수로 조정,,사전·교사 검수 전,달포,학습/빈칸 문장 대조에서 추정. 원문 정답표가 아님.
1,4,다른 일로 얻게 되는 여유,예)이사 계획에 말미를 주다,말미,4,W0004,4,2,다른 일로 얻게 되는 여유,예)이사 계획에 (   )를 주다,4,말미,원문 형태 유지·사전 전수검증 전,말미,4,,고유어 중심,문학·묘사·관용,B: 묘사·관용으로 확장,편집 초안; 학년 규준이 아님. 진단과 교사 검수로 조정,I034,검수대기,말미,학습/빈칸 문장 대조에서 추정. 원문 정답표가 아님.
1,5,깊이 들지 못하고 깬 잠,예) 시험기간에는 선잠만 잤다,선잠,5,W0005,5,2,깊이 들지 못하고 깬 잠,예) 시험기간에는 (   )만 잤다,5,선잠,원문 형태 유지·사전 전수검증 전,선잠,5,,고유어 중심,생활·학습 기초,A: 생활 맥락으로 시작,편집 초안; 학년 규준이 아님. 진단과 교사 검수로 조정,,사전·교사 검수 전,선잠,학습/빈칸 문장 대조에서 추정. 원문 정답표가 아님.
1,6,굳세고 강하게 결단하는 힘,예) 그는 강단이 있는 성격이다,강단있는,6,W0006,6,2,굳세고 강하게 결단하는 힘,예) 그는 (   )이 있는 성격이다,6,강단,제안·국립국어원 표제/품사 검수 필요,강단,6,,혼합·표현,추상·사회·전문,C: 추상·전문 의미 확장,편집 초안; 학년 규준이 아님. 진단과 교사 검수로 조정,I032,검수대기,강단,학습/빈칸 문장 대조에서 추정. 원문 정답표가 아님.
1,7,속마음을 터놓지 않아 느끼는 거리감,예) 친구랑 격의 없는 대화를 하다,격의,7,W0007,7,2,서로 속마음을 터놓지 않는 거리감,예) 친구랑 (   ) 없는 대화를 하다,7,격의,원문 형태 유지·사전 전수검증 전,격의,7,,한자어 중심(잠정),추상·사회·전문,C: 추상·전문 의미 확장,편집 초안; 학년 규준이 아님. 진단과 교사 검수로 조정,,사전·교사 검수 전,격의,학습/빈칸 문장 대조에서 추정. 원문 정답표가 아님.
1,8,형세에 따라 일을 처리하는 재주,예) 융통성이 없이 꽉 막힌 사람,융통성,8,W0008,8,2,자신의 행복을 크게 노래하고 누림,예) 전성기 선수를 (   )하고 있다,8,융통성,원문 형태 유지·사전 전수검증 전,융통성,8,,한자어 중심(잠정),추상·사회·전문,C: 추상·전문 의미 확장,편집 초안; 학년 규준이 아님. 진단과 교사 검수로 조정,I001,검수대기,,원문 정답표 없음; 불일치 또는 빈칸누락·문장변경으로 교사 지정 필요
1,9,손가락을 꼽을 만큼 뛰어남,예) 삼성은 국내 굴지의 기업이다,굴지,9,W0009,9,2,손가락을 꼽을 만큼 뛰어남,예) 삼성은 국내 (   )의 기업이다,9,굴지,원문 형태 유지·사전 전수검증 전,굴지,9,,한자어 중심(잠정),추상·사회·전문,C: 추상·전문 의미 확장,편집 초안; 학년 규준이 아님. 진단과 교사 검수로 조정,,사전·교사 검수 전,굴지,학습/빈칸 문장 대조에서 추정. 원문 정답표가 아님.
1,10,꺼리거나 사양하지 않고,예) 불만을 기탄없이 말하다,기탄없이,10,W0010,10,2,꺼리거나 사양하지 않고,예) 불만을 (   )없이 말하다,10,기탄없이,원문 형태 유지·사전 전수검증 전,기탄없이,10,,혼합·표현,추상·사회·전문,C: 추상·전문 의미 확장,편집 초안; 학년 규준이 아님. 진단과 교사 검수로 조정,I033,검수대기,기탄,학습/빈칸 문장 대조에서 추정. 원문 정답표가 아님.
1,11,기뻐서 큰 소리로 부르짖음.,예) 골이 들어간 순간 모두 환호했다,환호,11,W0011,11,2,기뻐서 큰 소리로 부르짖음.,예) 골이 들어간 순간 모두 (    )했다,11,환호,원문 형태 유지·사전 전수검증 전,환호,11,,한자어 중심(잠정),추상·사회·전문,C: 추상·전문 의미 확장,편집 초안; 학년 규준이 아님. 진단과 교사 검수로 조정,,사전·교사 검수 전,환호,학습/빈칸 문장 대조에서 추정. 원문 정답표가 아님.
1,12,일정한 땅을 차지하여 제 것으로  함,예) 미군이 전 지역을 점령했다,점령,12,W0012,12,2,"사람, 기관에 일 처리를 맡기다",예) 변호사에게 법적 문제 (   )했다,12,점령,원문 형태 유지·사전 전수검증 전,점령,12,,한자어 중심(잠정),추상·사회·전문,C: 추상·전문 의미 확장,편집 초안; 학년 규준이 아님. 진단과 교사 검수로 조정,I002,검수대기,,원문 정답표 없음; 불일치 또는 빈칸누락·문장변경으로 교사 지정 필요
1,13,주색잡기에 빠져 행실이 좋지 못함,예) 방탕한 삶에는 미래가 없다,방탕,13,W0013,13,2,"사물에 몸, 마음을 기대어 도움 받다",예) 노인은 지팡이에 (   )했다,13,방탕,원문 형태 유지·사전 전수검증 전,방탕,13,,한자어 중심(잠정),추상·사회·전문,C: 추상·전문 의미 확장,편집 초안; 학년 규준이 아님. 진단과 교사 검수로 조정,I003,검수대기,,원문 정답표 없음; 불일치 또는 빈칸누락·문장변경으로 교사 지정 필요
1,14,여러 의견이나 생각을 하나로 모음,예) 회원들 의견을 수렴했다,수렴하다,14,W0014,14,2,"여러 사람 의견, 사상을 하나로 모음",예) 회원들 의견을 (   )했다,14,수렴하다,원문 형태 유지·사전 전수검증 전,수렴,14,,한자어 중심(잠정),추상·사회·전문,C: 추상·전문 의미 확장,편집 초안; 학년 규준이 아님. 진단과 교사 검수로 조정,,사전·교사 검수 전,수렴,학습/빈칸 문장 대조에서 추정. 원문 정답표가 아님.
1,15,전쟁에 참가함,예) 할아버지는 월남전에 참전하셨다,참전하다,15,W0015,15,2,전쟁에 참가함,예) 미래를 위해 꾸준히 저축했다,15,참전하다,원문 형태 유지·사전 전수검증 전,참전,15,,한자어 중심(잠정),추상·사회·전문,C: 추상·전문 의미 확장,편집 초안; 학년 규준이 아님. 진단과 교사 검수로 조정,I004,검수대기,,원문 정답표 없음; 불일치 또는 빈칸누락·문장변경으로 교사 지정 필요
3,1,음력으로 한 해의 마지막 달,예) 섣달그믐이 지나면 새해다,섣달,16,W0016,16,4,음력으로 한 해의 마지막 달,예) (   )그믐이 지나면 새해다,16,섣달,원문 형태 유지·사전 전수검증 전,섣달,16,,고유어 중심,문학·묘사·관용,B: 묘사·관용으로 확장,편집 초안; 학년 규준이 아님. 진단과 교사 검수로 조정,,사전·교사 검수 전,섣달,학습/빈칸 문장 대조에서 추정. 원문 정답표가 아님.
3,2,오르내릴 수 있게 놓은 돌층계,예) 섬돌 위에 신발을 놓다,섬돌,17,W0017,17,4,오르내릴 수 있게 놓은 돌층계,예) (   ) 위에 신발을 놓다,17,섬돌,원문 형태 유지·사전 전수검증 전,섬돌,17,,고유어 중심,문학·묘사·관용,B: 묘사·관용으로 확장,편집 초안; 학년 규준이 아님. 진단과 교사 검수로 조정,,사전·교사 검수 전,섬돌,학습/빈칸 문장 대조에서 추정. 원문 정답표가 아님.
3,3,대충 들어맞추어 짐작함,예) 어림도 없는 소리 하지 마라,어림,18,W0018,18,4,대충 들어맞추어 짐작함,예) (   )도 없는 소리 하지 마라,18,어림,원문 형태 유지·사전 전수검증 전,어림,18,,고유어 중심,생활·학습 기초,A: 생활 맥락으로 시작,편집 초안; 학년 규준이 아님. 진단과 교사 검수로 조정,,사전·교사 검수 전,어림,학습/빈칸 문장 대조에서 추정. 원문 정답표가 아님.
3,4,무릎의 구부러지는 오목한 안쪽,예) 오래 앉아 있어 오금이 저리다,오금,19,W0019,19,4,무릎의 구부러지는 오목한 안쪽,예) 오래 앉아 있어 (   )이 저리다,19,오금,원문 형태 유지·사전 전수검증 전,오금,19,,고유어 중심,문학·묘사·관용,B: 묘사·관용으로 확장,편집 초안; 학년 규준이 아님. 진단과 교사 검수로 조정,,사전·교사 검수 전,오금,학습/빈칸 문장 대조에서 추정. 원문 정답표가 아님.
3,5,물건을 잘 정리해서 저장함,예) 곡식을 갈무리하다,갈무리,20,W0020,20,4,물건을 잘 정리해서 저장함,예) 곡식을 (   )하다,20,갈무리,원문 형태 유지·사전 전수검증 전,갈무리,20,,고유어 중심,문학·묘사·관용,B: 묘사·관용으로 확장,편집 초안; 학년 규준이 아님. 진단과 교사 검수로 조정,,사전·교사 검수 전,갈무리,학습/빈칸 문장 대조에서 추정. 원문 정답표가 아님.
3,6,행동이 게으르고 정성이 없음,예) 나태한 생활을 청산하다,나태한,21,W0021,21,4,행동이 게으르고 정성이 없음,예) (   )한 생활을 청산하다,21,나태하다,제안·국립국어원 표제/품사 검수 필요,나태,21,,한자어 중심(잠정),추상·사회·전문,C: 추상·전문 의미 확장,편집 초안; 학년 규준이 아님. 진단과 교사 검수로 조정,,사전·교사 검수 전,나태,학습/빈칸 문장 대조에서 추정. 원문 정답표가 아님.
3,7,창자가 끊어지는 듯한 슬픔,예) 단장의 미아리 고개 노래가 슬프다,단장,22,W0022,22,4,창자가 끊어지는 듯한 슬픔,예) (   )의 미아리 고개 노래가 슬프다,22,단장,원문 형태 유지·사전 전수검증 전,단장,22,,한자어 중심(잠정),문학·묘사·관용,B: 묘사·관용으로 확장,편집 초안; 학년 규준이 아님. 진단과 교사 검수로 조정,,사전·교사 검수 전,단장,학습/빈칸 문장 대조에서 추정. 원문 정답표가 아님.
3,8,진흙탕과 숯불처럼 고통스러운 처지,예) 도탄에 빠진 백성이 걱정스럽다,도탄,23,W0023,23,4,진흙탕과 숯불처럼 고통스러운 처지,예) (   )에 빠진 백성이 걱정스럽다,23,도탄,원문 형태 유지·사전 전수검증 전,도탄,23,,한자어 중심(잠정),문학·묘사·관용,B: 묘사·관용으로 확장,편집 초안; 학년 규준이 아님. 진단과 교사 검수로 조정,,사전·교사 검수 전,도탄,학습/빈칸 문장 대조에서 추정. 원문 정답표가 아님.
3,9,때가 묻지 않고 순진함,예) 무구한 아이들의 눈망울,무구한,24,W0024,24,4,때가 묻지 않고 순진함,예) (   )한 아이들의 눈망울,24,무구하다,제안·국립국어원 표제/품사 검수 필요,무구,24,,한자어 중심(잠정),추상·사회·전문,C: 추상·전문 의미 확장,편집 초안; 학년 규준이 아님. 진단과 교사 검수로 조정,,사전·교사 검수 전,무구,학습/빈칸 문장 대조에서 추정. 원문 정답표가 아님.
3,10,맺고 끊는 데가 없이 제멋대로 풀어짐,예) 방만한 경영으로 부도나다,방만한,25,W0025,25,4,맺고 끊는 데가 없이 제멋대로 풀어짐,예) (   )한 경영으로 부도나다,25,방만하다,제안·국립국어원 표제/품사 검수 필요,방만,25,,한자어 중심(잠정),추상·사회·전문,C: 추상·전문 의미 확장,편집 초안; 학년 규준이 아님. 진단과 교사 검수로 조정,,사전·교사 검수 전,방만,학습/빈칸 문장 대조에서 추정. 원문 정답표가 아님.
3,11,"한곳으로 힘, 정신을 모으다",예) 모두에게 시선이 집중되다,집중,26,W0026,26,4,"한곳으로 힘, 정신을 모으다",예) 모구에게 시선이 (   )되다,26,집중,원문 형태 유지·사전 전수검증 전,집중,26,,한자어 중심(잠정),생활·학습 기초,A: 생활 맥락으로 시작,편집 초안; 학년 규준이 아님. 진단과 교사 검수로 조정,I014,검수대기,,원문 정답표 없음; 불일치 또는 빈칸누락·문장변경으로 교사 지정 필요
3,12,"식물, 곤충, 광물을 캐서 모으다",예) 숙제로 산에서 곤충을 채집했다,채집하다,27,W0027,27,4,"식물, 곤충, 광물을 캐서 모으다",예) 숙제로 산에서 곤충을 (   )했다,27,채집하다,원문 형태 유지·사전 전수검증 전,채집,27,,한자어 중심(잠정),추상·사회·전문,C: 추상·전문 의미 확장,편집 초안; 학년 규준이 아님. 진단과 교사 검수로 조정,,사전·교사 검수 전,채집,학습/빈칸 문장 대조에서 추정. 원문 정답표가 아님.
3,13,사람이나 작품을 널리 알려 모으다,예) 동아리 신입 부원을 모집한다,모집하다,28,W0028,28,4,사람이나 작품을 널리 알려 모으다,예) 동아리 신입 부원을 (   )한다,28,모집하다,원문 형태 유지·사전 전수검증 전,모집,28,,한자어 중심(잠정),추상·사회·전문,C: 추상·전문 의미 확장,편집 초안; 학년 규준이 아님. 진단과 교사 검수로 조정,,사전·교사 검수 전,모집,학습/빈칸 문장 대조에서 추정. 원문 정답표가 아님.
3,14,단체조직의 사람들을 불러 모으다,예) 감독은 경기 후 선수들을 소집했다,소집하다,29,W0029,29,4,단체조직의 사람들을 불러 모으다,예) 감독은 경기 후 선수들을 (   )했다,29,소집하다,원문 형태 유지·사전 전수검증 전,소집,29,,한자어 중심(잠정),추상·사회·전문,C: 추상·전문 의미 확장,편집 초안; 학년 규준이 아님. 진단과 교사 검수로 조정,,사전·교사 검수 전,소집,학습/빈칸 문장 대조에서 추정. 원문 정답표가 아님.
3,15,취미나 연구를 위해 물건을 모으다,예) 연구원은 가치 있는 것만 수집했다,수집하다,30,W0030,30,4,취미나 연구를 위해 물건을 모으다,예) 연구원은 가치 있는 것만 (   )했다,30,수집하다,원문 형태 유지·사전 전수검증 전,수집,30,,한자어 중심(잠정),추상·사회·전문,C: 추상·전문 의미 확장,편집 초안; 학년 규준이 아님. 진단과 교사 검수로 조정,,사전·교사 검수 전,수집,학습/빈칸 문장 대조에서 추정. 원문 정답표가 아님.
5,1,아들 많은 집 외딸,예) 엄마는 귀하게 자란 고명딸이다,고명딸,31,W0031,31,6,아들 많은 집 외딸,예) 엄마는 귀하게 자란 (   )이다,31,고명딸,원문 형태 유지·사전 전수검증 전,고명딸,31,,고유어 중심,문학·묘사·관용,B: 묘사·관용으로 확장,편집 초안; 학년 규준이 아님. 진단과 교사 검수로 조정,,사전·교사 검수 전,고명딸,학습/빈칸 문장 대조에서 추정. 원문 정답표가 아님.
5,2,수다스럽게 늘어놓는 말솜씨,예) 친구들과 너스레를 떨다,너스레,32,W0032,32,6,수다스럽게 늘어놓는 말솜씨,예) 친구들과 (   )를 떨다,32,너스레,원문 형태 유지·사전 전수검증 전,너스레,32,,고유어 중심,문학·묘사·관용,B: 묘사·관용으로 확장,편집 초안; 학년 규준이 아님. 진단과 교사 검수로 조정,,사전·교사 검수 전,너스레,학습/빈칸 문장 대조에서 추정. 원문 정답표가 아님.
5,3,불평이나 하소연을 늘어놓는 말,예) 할머니가 엄마에게 넋두리했다,넋두리,33,W0033,33,6,불평이나 하소연을 늘어놓는 말,예) 할머니가 엄마에게 (   )했다,33,넋두리,원문 형태 유지·사전 전수검증 전,넋두리,33,,고유어 중심,문학·묘사·관용,B: 묘사·관용으로 확장,편집 초안; 학년 규준이 아님. 진단과 교사 검수로 조정,,사전·교사 검수 전,넋두리,학습/빈칸 문장 대조에서 추정. 원문 정답표가 아님.
5,4,한 번 보고 그대로 해내는 눈 감각,예) 나는 눈썰미가 좋다,눈썰미,34,W0034,34,6,한 번 보고 그대로 해내는 눈 감각,예) 나는 (   )가 좋다,34,눈썰미,원문 형태 유지·사전 전수검증 전,눈썰미,34,,고유어 중심,생활·학습 기초,A: 생활 맥락으로 시작,편집 초안; 학년 규준이 아님. 진단과 교사 검수로 조정,,사전·교사 검수 전,눈썰미,학습/빈칸 문장 대조에서 추정. 원문 정답표가 아님.
5,5,흥분이나 열기로 가득 찬 상태,예) 축제는 광란의 도가니였다,도가니,35,W0035,35,6,흥분이나 열기로 가득 찬 상태,예) 축제는 광란의 (   )였다,35,도가니,원문 형태 유지·사전 전수검증 전,도가니,35,,한자어 중심(잠정),문학·묘사·관용,B: 묘사·관용으로 확장,편집 초안; 학년 규준이 아님. 진단과 교사 검수로 조정,,사전·교사 검수 전,도가니,학습/빈칸 문장 대조에서 추정. 원문 정답표가 아님.
5,6,편들어 감싸고 보호함,예) 그는 권력의 비호를 받다.,비호,36,W0036,36,6,편들어 감싸고 보호함,예) 그는 권력의 (   )를 받다.,36,비호,원문 형태 유지·사전 전수검증 전,비호,36,,한자어 중심(잠정),추상·사회·전문,C: 추상·전문 의미 확장,편집 초안; 학년 규준이 아님. 진단과 교사 검수로 조정,,사전·교사 검수 전,비호,학습/빈칸 문장 대조에서 추정. 원문 정답표가 아님.
5,7,한가하고 여유가 있게,예) 하늘 위로 구름이 유유히 지나간다,유유히,37,W0037,37,6,한가하고 여유가 있게,예) 하늘 위로 구름이 (   ) 지나간다,37,유유히,원문 형태 유지·사전 전수검증 전,유유히,37,,한자어 중심(잠정),문학·묘사·관용,B: 묘사·관용으로 확장,편집 초안; 학년 규준이 아님. 진단과 교사 검수로 조정,,사전·교사 검수 전,유유히,학습/빈칸 문장 대조에서 추정. 원문 정답표가 아님.
5,8,익숙하지 않아 낯설고 어색하다,예) 이 마을은 생경한 느낌이다,생경한,38,W0038,38,6,익숙하지 않아 낯설고 어색하다,예) 이 마을은 (   ) 느낌이다,38,생경하다,제안·국립국어원 표제/품사 검수 필요,생경,38,,한자어 중심(잠정),문학·묘사·관용,B: 묘사·관용으로 확장,편집 초안; 학년 규준이 아님. 진단과 교사 검수로 조정,,사전·교사 검수 전,생경한,학습/빈칸 문장 대조에서 추정. 원문 정답표가 아님.
5,9,말이 유창하지 못하고 더듬거림,예) 소년은 혀가 짧아 발음이 어눌하다,어눌한,39,W0039,39,6,말이 유창하지 못하고 더듬거림,예) 소년은 혀가 짧아 발음이 (   )하다,39,어눌하다,제안·국립국어원 표제/품사 검수 필요,어눌,39,,한자어 중심(잠정),문학·묘사·관용,B: 묘사·관용으로 확장,편집 초안; 학년 규준이 아님. 진단과 교사 검수로 조정,,사전·교사 검수 전,어눌,학습/빈칸 문장 대조에서 추정. 원문 정답표가 아님.
5,10,마음속에 억눌려 쌓인 분노,예) 엄마는 울화가 치밀었다,울화,40,W0040,40,6,마음속에 억눌려 쌓인 분노,예) 엄마는 (   )가 치밀었다,40,울화,원문 형태 유지·사전 전수검증 전,울화,40,,한자어 중심(잠정),문학·묘사·관용,B: 묘사·관용으로 확장,편집 초안; 학년 규준이 아님. 진단과 교사 검수로 조정,,사전·교사 검수 전,울화,학습/빈칸 문장 대조에서 추정. 원문 정답표가 아님.
5,11,드물어서 매우 진귀하다,예) 세계 희귀한 우표만 수집한다,희귀한,41,W0041,41,6,드물어서 매우 진귀하다,예) 세계 (    ) 우표만 수집한다,41,희귀하다,제안·국립국어원 표제/품사 검수 필요,희귀,41,,한자어 중심(잠정),추상·사회·전문,C: 추상·전문 의미 확장,편집 초안; 학년 규준이 아님. 진단과 교사 검수로 조정,,사전·교사 검수 전,희귀한,학습/빈칸 문장 대조에서 추정. 원문 정답표가 아님.
5,12,흩어져 있는 자료를 한데 묶다,예) 각 팀 보고서를 하나로 취합했다,취합하다,42,W0042,42,6,흩어져 있는 자료를 한데 묶다,예) 각 팀 보고서를 하나로 (   )했다,42,취합하다,원문 형태 유지·사전 전수검증 전,취합,42,,한자어 중심(잠정),추상·사회·전문,C: 추상·전문 의미 확장,편집 초안; 학년 규준이 아님. 진단과 교사 검수로 조정,,사전·교사 검수 전,취합,학습/빈칸 문장 대조에서 추정. 원문 정답표가 아님.
5,13,"기운, 세력 등이 줄어들다",예) 최근에 기억력이 감퇴했다,감퇴하다,43,W0043,43,6,"기운, 세력 등이 줄어들다",예) 최근에 기억력이 (   )했다,43,감퇴하다,원문 형태 유지·사전 전수검증 전,감퇴,43,,한자어 중심(잠정),추상·사회·전문,C: 추상·전문 의미 확장,편집 초안; 학년 규준이 아님. 진단과 교사 검수로 조정,,사전·교사 검수 전,감퇴,학습/빈칸 문장 대조에서 추정. 원문 정답표가 아님.
5,14,"필요한 양, 기준에 미치지 못함",예) 잠이 부족하면 집중력이 떨어진다,부족하다,44,W0044,44,6,"필요한 양, 기준에 미치지 못함",예) 잠이 (   )하면 집중력이 떨어진다,44,부족하다,원문 형태 유지·사전 전수검증 전,부족,44,,한자어 중심(잠정),생활·학습 기초,A: 생활 맥락으로 시작,편집 초안; 학년 규준이 아님. 진단과 교사 검수로 조정,,사전·교사 검수 전,부족,학습/빈칸 문장 대조에서 추정. 원문 정답표가 아님.
5,15,병이나 상처를 잘 다스려 낫게 하다,예) 의사는 환자 상처를 치료했다.,치료하다,45,W0045,45,6,병이나 상처를 잘 다스려 낫게 하다,예) 의사는 환자 상처를 (   )했다.,45,치료하다,원문 형태 유지·사전 전수검증 전,치료,45,,한자어 중심(잠정),생활·학습 기초,A: 생활 맥락으로 시작,편집 초안; 학년 규준이 아님. 진단과 교사 검수로 조정,,사전·교사 검수 전,치료,학습/빈칸 문장 대조에서 추정. 원문 정답표가 아님.
7,1,남쪽에서 불어오는 바람,예) 바다 위 마파람이 불다,마파람,46,W0046,46,8,남쪽에서 불어오는 바람,예) 바다 위 (   )이 불다,46,마파람,원문 형태 유지·사전 전수검증 전,마파람,46,,고유어 중심,문학·묘사·관용,B: 묘사·관용으로 확장,편집 초안; 학년 규준이 아님. 진단과 교사 검수로 조정,,사전·교사 검수 전,마파람,학습/빈칸 문장 대조에서 추정. 원문 정답표가 아님.
7,2,물건을 한꺼번에 많이 사두는 행위,예) 생필품 사재기 극성을 부리다,사재기,47,W0047,47,8,물건을 한꺼번에 많이 사두는 행위,예) 생필품 (   ) 극성을 부리다,47,사재기,원문 형태 유지·사전 전수검증 전,사재기,47,,고유어 중심,추상·사회·전문,C: 추상·전문 의미 확장,편집 초안; 학년 규준이 아님. 진단과 교사 검수로 조정,,사전·교사 검수 전,사재기,학습/빈칸 문장 대조에서 추정. 원문 정답표가 아님.
7,3,웃어른께 안부를 여쭘,예) 할아버지께 문안 전화를 드리다,문안,48,W0048,48,8,웃어른께 안부를 여쭘,예) 할아버지께 (   )전화를 드리다,48,문안,원문 형태 유지·사전 전수검증 전,문안,48,,한자어 중심(잠정),생활·학습 기초,A: 생활 맥락으로 시작,편집 초안; 학년 규준이 아님. 진단과 교사 검수로 조정,,사전·교사 검수 전,문안,학습/빈칸 문장 대조에서 추정. 원문 정답표가 아님.
7,4,시끄럽고 덜렁거리는 남자아이,예) 어릴 때 선머슴 같더니 숙녀가 됐다,선머슴,49,W0049,49,8,시끄럽고 덜렁거리는 남자아이,예) 어릴 때 (   ) 같더니 숙녀가 됐다,49,선머슴,원문 형태 유지·사전 전수검증 전,선머슴,49,,고유어 중심,문학·묘사·관용,B: 묘사·관용으로 확장,편집 초안; 학년 규준이 아님. 진단과 교사 검수로 조정,,사전·교사 검수 전,선머슴,학습/빈칸 문장 대조에서 추정. 원문 정답표가 아님.
7,5,일이 잘 안되게 훼방 놓는 짓,예) 어른이 어깃장을 놓다,어깃장,50,W0050,50,8,일이 잘 안되게 훼방 놓는 짓,예) 다 큰 어른이 (   )을 놓는다,50,어깃장,원문 형태 유지·사전 전수검증 전,어깃장,50,,고유어 중심,문학·묘사·관용,B: 묘사·관용으로 확장,편집 초안; 학년 규준이 아님. 진단과 교사 검수로 조정,,사전·교사 검수 전,,원문 정답표 없음; 불일치 또는 빈칸누락·문장변경으로 교사 지정 필요
7,6,터무니없는 헛소문.,예) 낭설을 퍼뜨리다,낭설,51,W0051,51,8,터무니없는 헛소문.,예) (    )을 퍼뜨리다,51,낭설,원문 형태 유지·사전 전수검증 전,낭설,51,,한자어 중심(잠정),추상·사회·전문,C: 추상·전문 의미 확장,편집 초안; 학년 규준이 아님. 진단과 교사 검수로 조정,,사전·교사 검수 전,낭설,학습/빈칸 문장 대조에서 추정. 원문 정답표가 아님.
7,7,어떤 분야에 학식이나 기술이 깊음,예) 음악에 조예가 깊다,조예,52,W0052,52,8,어떤 분야에 학식이나 기술이 깊음,예) 음악에 (   )가 깊다,52,조예,원문 형태 유지·사전 전수검증 전,조예,52,,한자어 중심(잠정),추상·사회·전문,C: 추상·전문 의미 확장,편집 초안; 학년 규준이 아님. 진단과 교사 검수로 조정,,사전·교사 검수 전,조예,학습/빈칸 문장 대조에서 추정. 원문 정답표가 아님.
7,8,근거 없는 말로 남을 헐뜯음,예) 근거 없는 중상모략이다,중상,53,W0053,53,8,근거 없는 말로 명예를 깎음,예) 근거 없는 (   )모략이다,53,중상,원문 형태 유지·사전 전수검증 전,중상,53,,한자어 중심(잠정),추상·사회·전문,C: 추상·전문 의미 확장,편집 초안; 학년 규준이 아님. 진단과 교사 검수로 조정,,사전·교사 검수 전,중상,학습/빈칸 문장 대조에서 추정. 원문 정답표가 아님.
7,9,죽어서 이별하다.,예) 부모님을 일찍 여의고 이모랑 살았다,여의다,54,W0054,54,8,죽어서 이별하다.,예) 부모님을 일찍 (    ) 이모랑 살았다,54,여의다,원문 형태 유지·사전 전수검증 전,여의다,54,,고유어 중심,문학·묘사·관용,B: 묘사·관용으로 확장,편집 초안; 학년 규준이 아님. 진단과 교사 검수로 조정,,사전·교사 검수 전,여의고,학습/빈칸 문장 대조에서 추정. 원문 정답표가 아님.
7,10,한쪽만을 치우치게 사랑함,예) 그녀는 아들을 편애한다,편애,55,W0055,55,8,한쪽만을 치우치게 사랑함,예) 예) 그녀는 아들을 (    )한다,55,편애,원문 형태 유지·사전 전수검증 전,편애,55,,한자어 중심(잠정),추상·사회·전문,C: 추상·전문 의미 확장,편집 초안; 학년 규준이 아님. 진단과 교사 검수로 조정,I015,검수대기,편애,학습/빈칸 문장 대조에서 추정. 원문 정답표가 아님.
7,11,적의 성을 공격하여 차지하다,예) 아군부대는 적의 요새를 함락했다,함락하다,56,W0056,56,8,적의 성을 공격하여 차지하다,예) 아군 부대는 적의 요새를 (   )했다,56,함락하다,원문 형태 유지·사전 전수검증 전,함락,56,,한자어 중심(잠정),추상·사회·전문,C: 추상·전문 의미 확장,편집 초안; 학년 규준이 아님. 진단과 교사 검수로 조정,,사전·교사 검수 전,함락,학습/빈칸 문장 대조에서 추정. 원문 정답표가 아님.
7,12,높은 곳에서 떨어지다,예) 상공에서 낙하하기 시작했다,낙하하다,57,W0057,57,8,높은 곳에서 떨어지다,예) 상공에서 (    )하기 시작했다,57,낙하하다,원문 형태 유지·사전 전수검증 전,낙하,57,,한자어 중심(잠정),추상·사회·전문,C: 추상·전문 의미 확장,편집 초안; 학년 규준이 아님. 진단과 교사 검수로 조정,,사전·교사 검수 전,낙하,학습/빈칸 문장 대조에서 추정. 원문 정답표가 아님.
7,13,더할 수 없이 극진한,예) 지극한 효성으로 하늘이 감동했다,지극한,58,W0058,58,8,더할 수 없이 극진한,예) (     ) 효성으로 하늘이 감동했다,58,지극하다,제안·국립국어원 표제/품사 검수 필요,지극,58,,한자어 중심(잠정),문학·묘사·관용,B: 묘사·관용으로 확장,편집 초안; 학년 규준이 아님. 진단과 교사 검수로 조정,,사전·교사 검수 전,지극한,학습/빈칸 문장 대조에서 추정. 원문 정답표가 아님.
7,14,명예나 신뢰를 잃어버리다,예) 스캔들로 기업 이미지가 실추됐다,실추되다,59,W0059,59,8,명예나 신뢰를 잃어버리다,예) 스캔들로 기업 이미지가 (     )됐다,59,실추되다,원문 형태 유지·사전 전수검증 전,실추,59,,한자어 중심(잠정),추상·사회·전문,C: 추상·전문 의미 확장,편집 초안; 학년 규준이 아님. 진단과 교사 검수로 조정,,사전·교사 검수 전,실추,학습/빈칸 문장 대조에서 추정. 원문 정답표가 아님.
7,15,임신 중인 태아를 잃다,예) 3년 만에 얻은 태아가 유산됐다,유산되다,60,W0060,60,8,임신 중인 태아를 잃다,예) 3년 만에 얻은 태아가 (   )됐다,60,유산되다,원문 형태 유지·사전 전수검증 전,유산,60,,한자어 중심(잠정),추상·사회·전문,C: 추상·전문 의미 확장,편집 초안; 학년 규준이 아님. 진단과 교사 검수로 조정,,사전·교사 검수 전,유산,학습/빈칸 문장 대조에서 추정. 원문 정답표가 아님.
9,1,재물이 나와 마르지 않는 보물,예) 아버지는 화수분 같은 존재이다,화수분,61,W0061,61,10,재물이 나와 마르지 않는 보물,예) 아버지는 (   ) 같은 존재이다,61,화수분,원문 형태 유지·사전 전수검증 전,화수분,61,,고유어 중심,문학·묘사·관용,B: 묘사·관용으로 확장,편집 초안; 학년 규준이 아님. 진단과 교사 검수로 조정,,사전·교사 검수 전,화수분,학습/빈칸 문장 대조에서 추정. 원문 정답표가 아님.
9,2,지배자에 대항하여 내란을 일으킴,예) 결국 백성들이 반란을 일으켰다,반란,62,W0062,62,10,지배자에 대항하여 내란을 일으킴,예) 결국 백성들이 (    )을 일으켰다,62,반란,원문 형태 유지·사전 전수검증 전,반란,62,,한자어 중심(잠정),추상·사회·전문,C: 추상·전문 의미 확장,편집 초안; 학년 규준이 아님. 진단과 교사 검수로 조정,,사전·교사 검수 전,반란,학습/빈칸 문장 대조에서 추정. 원문 정답표가 아님.
9,3,나아갈 방향을 인도해 주는 사람,예) 선생님은 인생의 길라잡이다,길라잡이,63,W0063,63,10,나아갈 방향을 인도해 주는 사람,예) 선생님은 인생의 (   )다,63,길라잡이,원문 형태 유지·사전 전수검증 전,길라잡이,63,,고유어 중심,문학·묘사·관용,B: 묘사·관용으로 확장,편집 초안; 학년 규준이 아님. 진단과 교사 검수로 조정,,사전·교사 검수 전,길라잡이,학습/빈칸 문장 대조에서 추정. 원문 정답표가 아님.
9,4,밉거나 눈에 거슬리는 사람,예) 눈엣가시 같은 존재이다,눈엣가시,64,W0064,64,10,밉거나 눈에 거슬리는 사람,예) (   ) 같은 존재이다,64,눈엣가시,원문 형태 유지·사전 전수검증 전,눈엣가시,64,,고유어 중심,문학·묘사·관용,B: 묘사·관용으로 확장,편집 초안; 학년 규준이 아님. 진단과 교사 검수로 조정,,사전·교사 검수 전,눈엣가시,학습/빈칸 문장 대조에서 추정. 원문 정답표가 아님.
9,5,자리가 몹시 좁다.,예) 둘이 살기에도 방이 비좁다,비좁다,65,W0065,65,10,자리가 몹시 좁다.,예) 둘이 살기에도 방이 (     ),65,비좁다,원문 형태 유지·사전 전수검증 전,비좁다,65,,고유어 중심,생활·학습 기초,A: 생활 맥락으로 시작,편집 초안; 학년 규준이 아님. 진단과 교사 검수로 조정,,사전·교사 검수 전,비좁다,학습/빈칸 문장 대조에서 추정. 원문 정답표가 아님.
9,6,사물을 꿰뚫어 보는 지혜로운 안목,예)  미래를 보는 혜안이 밝다,혜안,66,W0066,66,10,사물을 꿰뚫어 보는 지혜로운 안목,예)  미래를 보는 (   )이 밝다,66,혜안,원문 형태 유지·사전 전수검증 전,혜안,66,,한자어 중심(잠정),추상·사회·전문,C: 추상·전문 의미 확장,편집 초안; 학년 규준이 아님. 진단과 교사 검수로 조정,,사전·교사 검수 전,혜안,학습/빈칸 문장 대조에서 추정. 원문 정답표가 아님.
9,7,무대 조명처럼 주목을 받음,예) 새로운 기술로 각광받다,각광,67,W0067,67,10,무대 조명처럼 주목을 받음,예) 새로운 기술로 (   )받다,67,각광,원문 형태 유지·사전 전수검증 전,각광,67,,한자어 중심(잠정),추상·사회·전문,C: 추상·전문 의미 확장,편집 초안; 학년 규준이 아님. 진단과 교사 검수로 조정,,사전·교사 검수 전,각광,학습/빈칸 문장 대조에서 추정. 원문 정답표가 아님.
9,8,싸움에서 승리하고 부르는 노래,예) 전쟁 승리의 개가를 울리다,개가,68,W0068,68,10,싸움에서 승리하고 부르는 노래,예) 전쟁 승리의 (   )를 울리다,68,개가,원문 형태 유지·사전 전수검증 전,개가,68,,한자어 중심(잠정),문학·묘사·관용,B: 묘사·관용으로 확장,편집 초안; 학년 규준이 아님. 진단과 교사 검수로 조정,,사전·교사 검수 전,개가,학습/빈칸 문장 대조에서 추정. 원문 정답표가 아님.
9,9,여러 사람이 돈을 나누어 내다,예) 여행에서 비용을 각출하다,각출,69,W0069,69,10,여러 사람이 돈을 나누어 내다,예) 여행에서 비용을 (   )하다,69,각출,원문 형태 유지·사전 전수검증 전,각출,69,,한자어 중심(잠정),추상·사회·전문,C: 추상·전문 의미 확장,편집 초안; 학년 규준이 아님. 진단과 교사 검수로 조정,,사전·교사 검수 전,각출,학습/빈칸 문장 대조에서 추정. 원문 정답표가 아님.
9,10,생각이 굳어 고집이 세고 좁은,예) 고루한 사고방식에서 벗어나라,고루한,70,W0070,70,10,생각이 굳어 고집이 세고 좁은,예) (   )한 사고방식에서 벗어나라,70,고루하다,제안·국립국어원 표제/품사 검수 필요,고루,70,,한자어 중심(잠정),문학·묘사·관용,B: 묘사·관용으로 확장,편집 초안; 학년 규준이 아님. 진단과 교사 검수로 조정,,사전·교사 검수 전,고루,학습/빈칸 문장 대조에서 추정. 원문 정답표가 아님.
9,11,자르거나 베어서 끊음.,예) 태풍으로 인해 전선이 절단되었다,절단되다,71,W0071,71,10,자르거나 베어서 끊음.,예) 태풍으로 인해 전선이 (   )되었다,71,절단되다,원문 형태 유지·사전 전수검증 전,절단,71,,한자어 중심(잠정),추상·사회·전문,C: 추상·전문 의미 확장,편집 초안; 학년 규준이 아님. 진단과 교사 검수로 조정,,사전·교사 검수 전,절단,학습/빈칸 문장 대조에서 추정. 원문 정답표가 아님.
9,12,높은 곳에서 떨어지다,예) 비행기가 기체 결함으로 추락했다,추락하다,72,W0072,72,10,높은 곳에서 떨어지다,예) 비행기가 기체 결함으로 (   )했다,72,추락하다,원문 형태 유지·사전 전수검증 전,추락,72,,한자어 중심(잠정),추상·사회·전문,C: 추상·전문 의미 확장,편집 초안; 학년 규준이 아님. 진단과 교사 검수로 조정,,사전·교사 검수 전,추락,학습/빈칸 문장 대조에서 추정. 원문 정답표가 아님.
9,13,"순위, 경쟁에서 빠지거나 떨어지다",예) 월드컵 예선전에서 탈락했다,탈락,73,W0073,73,10,"순위, 경쟁에서 빠지거나 떨어지다",예) 월드컵 예선전에서 (   )했다,73,탈락,원문 형태 유지·사전 전수검증 전,탈락,73,,한자어 중심(잠정),추상·사회·전문,C: 추상·전문 의미 확장,편집 초안; 학년 규준이 아님. 진단과 교사 검수로 조정,,사전·교사 검수 전,탈락,학습/빈칸 문장 대조에서 추정. 원문 정답표가 아님.
9,14,"값, 수치, 등급 등이 떨어지다",예) 국제 유가가 하락했다,하락하다,74,W0074,74,10,"값, 수치, 등급 등이 떨어지다",예) 국제 유가가 (   )했다,74,하락하다,원문 형태 유지·사전 전수검증 전,하락,74,,한자어 중심(잠정),추상·사회·전문,C: 추상·전문 의미 확장,편집 초안; 학년 규준이 아님. 진단과 교사 검수로 조정,,사전·교사 검수 전,하락,학습/빈칸 문장 대조에서 추정. 원문 정답표가 아님.
9,15,누워서 잘 수 있는 평상,예) 침상에 누워 잠에 빠져드렀다,침상,75,W0075,75,10,누워서 잘 수 있는 평상,예) (    )에 누워 잠에 빠져드렀다,75,침상,원문 형태 유지·사전 전수검증 전,침상,75,,한자어 중심(잠정),문학·묘사·관용,B: 묘사·관용으로 확장,편집 초안; 학년 규준이 아님. 진단과 교사 검수로 조정,I016,검수대기,침상,학습/빈칸 문장 대조에서 추정. 원문 정답표가 아님.
11,1,둘레가 한 아름이 넘는 크기,예) 아름드리 큰 나무가 서 있다,아름드리,76,W0076,76,12,둘레가 한 아름이 넘는 크기,예) (  ) 큰 나무가 서 있다,76,아름드리,원문 형태 유지·사전 전수검증 전,아름드리,76,,고유어 중심,문학·묘사·관용,B: 묘사·관용으로 확장,편집 초안; 학년 규준이 아님. 진단과 교사 검수로 조정,,사전·교사 검수 전,아름드리,학습/빈칸 문장 대조에서 추정. 원문 정답표가 아님.
11,2,숨차고 벅차다,예) 달리기를 했더니 숨이 가쁘다,가쁘다,77,W0077,77,12,숨차고 벅차다,예) 달리기를 했더니 숨이 (  ),77,가쁘다,원문 형태 유지·사전 전수검증 전,가쁘다,77,,고유어 중심,생활·학습 기초,A: 생활 맥락으로 시작,편집 초안; 학년 규준이 아님. 진단과 교사 검수로 조정,,사전·교사 검수 전,가쁘다,학습/빈칸 문장 대조에서 추정. 원문 정답표가 아님.
11,3,속속들이 자세하게,예) 엄마가 미주알고주알 캐묻다,미주알고주알,78,W0078,78,12,속속들이 자세하게,예) 엄마가 (       ) 캐묻다,78,미주알고주알,원문 형태 유지·사전 전수검증 전,미주알고주알,78,,고유어 중심,문학·묘사·관용,B: 묘사·관용으로 확장,편집 초안; 학년 규준이 아님. 진단과 교사 검수로 조정,,사전·교사 검수 전,미주알고주알,학습/빈칸 문장 대조에서 추정. 원문 정답표가 아님.
11,4,포근하고 가볍게,예) 나비가 꽃에 살포시 내려앉다,살포시,79,W0079,79,12,포근하고 가볍게,예) 나비가 꽃에 (  ) 내려앉다,79,살포시,원문 형태 유지·사전 전수검증 전,살포시,79,,고유어 중심,문학·묘사·관용,B: 묘사·관용으로 확장,편집 초안; 학년 규준이 아님. 진단과 교사 검수로 조정,,사전·교사 검수 전,살포시,학습/빈칸 문장 대조에서 추정. 원문 정답표가 아님.
11,5,모르는 사이에 조금씩,예) 월급을 시나브로 다 썼다,시나브로,80,W0080,80,12,모르는 사이에 조금씩,예) 월급을 (    ) 다 썼다,80,시나브로,원문 형태 유지·사전 전수검증 전,시나브로,80,,고유어 중심,문학·묘사·관용,B: 묘사·관용으로 확장,편집 초안; 학년 규준이 아님. 진단과 교사 검수로 조정,,사전·교사 검수 전,시나브로,학습/빈칸 문장 대조에서 추정. 원문 정답표가 아님.
11,6,사물을 꿰뚫어 봄,예) 내 주장이 관철되다,관철,81,W0081,81,12,사물을 꿰뚫어 봄,예) 내 주장이 (  )되다,81,관철,원문 형태 유지·사전 전수검증 전,관철,81,,한자어 중심(잠정),추상·사회·전문,C: 추상·전문 의미 확장,편집 초안; 학년 규준이 아님. 진단과 교사 검수로 조정,I035,검수대기,관철,학습/빈칸 문장 대조에서 추정. 원문 정답표가 아님.
11,7,어떤 일을 하려고 사람들을 모으다,예) 이번 계획 세력을 규합하다,규합,82,W0082,82,12,어떤 일을 하려고 사람들을 모으다,예) 이번 계획 세력을 (  )하다,82,규합,원문 형태 유지·사전 전수검증 전,규합,82,,한자어 중심(잠정),추상·사회·전문,C: 추상·전문 의미 확장,편집 초안; 학년 규준이 아님. 진단과 교사 검수로 조정,,사전·교사 검수 전,규합,학습/빈칸 문장 대조에서 추정. 원문 정답표가 아님.
11,8,죄인이나 배를 붙잡는 일,예) 외국 어선을 나포하다,나포,83,W0083,83,12,죄인이나 배를 붙잡는 일,예) 외국 어선을 (  )하다,83,나포,원문 형태 유지·사전 전수검증 전,나포,83,,한자어 중심(잠정),추상·사회·전문,C: 추상·전문 의미 확장,편집 초안; 학년 규준이 아님. 진단과 교사 검수로 조정,,사전·교사 검수 전,나포,학습/빈칸 문장 대조에서 추정. 원문 정답표가 아님.
11,9,어떤 목적을 위하여 모여서 시위함.,예) 공장에서 밤샘 농성을 벌였다,농성,84,W0084,84,12,어떤 목적을 위하여 모여서 시위함,예) 공장에서 밤샘 (  )을 벌였다,84,농성,원문 형태 유지·사전 전수검증 전,농성,84,,한자어 중심(잠정),추상·사회·전문,C: 추상·전문 의미 확장,편집 초안; 학년 규준이 아님. 진단과 교사 검수로 조정,,사전·교사 검수 전,농성,학습/빈칸 문장 대조에서 추정. 원문 정답표가 아님.
11,10,아름다운 것에 흠뻑 취함,예) 고흐 작품에 도취되다,도취,85,W0085,85,12,아름다운 것에 흠뻑 취함,예) 고흐 작품에 (  )되다,85,도취,원문 형태 유지·사전 전수검증 전,도취,85,,한자어 중심(잠정),문학·묘사·관용,B: 묘사·관용으로 확장,편집 초안; 학년 규준이 아님. 진단과 교사 검수로 조정,,사전·교사 검수 전,도취,학습/빈칸 문장 대조에서 추정. 원문 정답표가 아님.
11,11,말이나 행동이 매우 조심스럽다,예) 그는 신중한 성격이다,신중하다,86,W0086,86,12,말이나 행동이 매우 조심스럽다,예) 그는 (     ) 성격이다,86,신중하다,원문 형태 유지·사전 전수검증 전,신중,86,,한자어 중심(잠정),생활·학습 기초,A: 생활 맥락으로 시작,편집 초안; 학년 규준이 아님. 진단과 교사 검수로 조정,,사전·교사 검수 전,신중한,학습/빈칸 문장 대조에서 추정. 원문 정답표가 아님.
11,12,병세가 위독하다,예) 수술 환자 상태가 위중하다,위중하다,87,W0087,87,12,병세가 위독하다,예) 수술 환자 상태가 (   )하다,87,위중하다,원문 형태 유지·사전 전수검증 전,위중,87,,한자어 중심(잠정),추상·사회·전문,C: 추상·전문 의미 확장,편집 초안; 학년 규준이 아님. 진단과 교사 검수로 조정,,사전·교사 검수 전,위중,학습/빈칸 문장 대조에서 추정. 원문 정답표가 아님.
11,13,분위기가 가라앉아 답답하다,예) 표정이 침울해 보인다,침울,88,W0088,88,12,분위기가 가라앉아 답답하다,예) 예) 표정이 (   )해 보인다,88,침울,원문 형태 유지·사전 전수검증 전,침울,88,,한자어 중심(잠정),추상·사회·전문,C: 추상·전문 의미 확장,편집 초안; 학년 규준이 아님. 진단과 교사 검수로 조정,I017,검수대기,침울,학습/빈칸 문장 대조에서 추정. 원문 정답표가 아님.
11,14,"책임, 의무 등이 매우 무겁고 크다",예) 그의 책임이 막중하다,막중하다,89,W0089,89,12,"책임, 의무 등이 매우 무겁고 크다",예) 그의 책임이 (      ),89,막중하다,원문 형태 유지·사전 전수검증 전,막중,89,,한자어 중심(잠정),추상·사회·전문,C: 추상·전문 의미 확장,편집 초안; 학년 규준이 아님. 진단과 교사 검수로 조정,,사전·교사 검수 전,막중하다,학습/빈칸 문장 대조에서 추정. 원문 정답표가 아님.
11,15,무엇을 보고 그렇게 여기다,예) 동의한 것으로 간주되다,간주하다,90,W0090,90,12,무엇을 보고 그렇게 여기다,예) 동의한 것으로 (  )되다,90,간주하다,원문 형태 유지·사전 전수검증 전,간주,90,,한자어 중심(잠정),추상·사회·전문,C: 추상·전문 의미 확장,편집 초안; 학년 규준이 아님. 진단과 교사 검수로 조정,,사전·교사 검수 전,간주,학습/빈칸 문장 대조에서 추정. 원문 정답표가 아님.
13,1,뜻하지 않은 사이에 갑자기.,예) 엉겁결에 대답하다,엉겁결,91,W0091,91,14,뜻하지 않은 사이에 갑자기.,예) (  )에 대답하다,91,엉겁결,원문 형태 유지·사전 전수검증 전,엉겁결,91,,고유어 중심,문학·묘사·관용,B: 묘사·관용으로 확장,편집 초안; 학년 규준이 아님. 진단과 교사 검수로 조정,,사전·교사 검수 전,엉겁결,학습/빈칸 문장 대조에서 추정. 원문 정답표가 아님.
13,2,음식을 마구 먹으려 함,예) 음식을 게걸스럽게 먹다,게걸스럽다,92,W0092,92,14,음식을 마구 먹으려 함,예) 음식을 (  ) 먹다,92,게걸스럽다,원문 형태 유지·사전 전수검증 전,게걸스럽다,92,,고유어 중심,문학·묘사·관용,B: 묘사·관용으로 확장,편집 초안; 학년 규준이 아님. 진단과 교사 검수로 조정,,사전·교사 검수 전,게걸스럽게,학습/빈칸 문장 대조에서 추정. 원문 정답표가 아님.
13,3,쑥스럽고 미안하다,예) 겸연쩍은 미소를 짓다,겸연쩍다,93,W0093,93,14,쑥스럽고 미안하다,예) (  )쩍은 미소를 짓다,93,겸연쩍다,원문 형태 유지·사전 전수검증 전,겸연쩍다,93,,고유어 중심,문학·묘사·관용,B: 묘사·관용으로 확장,편집 초안; 학년 규준이 아님. 진단과 교사 검수로 조정,,사전·교사 검수 전,겸연,학습/빈칸 문장 대조에서 추정. 원문 정답표가 아님.
13,4,행동이 답답할 만큼 느림,예) 그는 행동이 굼뜨다,굼뜨다,94,W0094,94,14,행동이 답답할 만큼 느림,예) 그는 행동이 (  ),94,굼뜨다,원문 형태 유지·사전 전수검증 전,굼뜨다,94,,고유어 중심,생활·학습 기초,A: 생활 맥락으로 시작,편집 초안; 학년 규준이 아님. 진단과 교사 검수로 조정,,사전·교사 검수 전,굼뜨다,학습/빈칸 문장 대조에서 추정. 원문 정답표가 아님.
13,5,매끄럽지 못하고 거칠다,예) 묻기가 껄끄러운 상대이다,껄끄럽다,95,W0095,95,14,매끄럽지 못하고 거칠다,예) 묻기가 (  ) 상대이다,95,껄끄럽다,원문 형태 유지·사전 전수검증 전,껄끄럽다,95,,고유어 중심,문학·묘사·관용,B: 묘사·관용으로 확장,편집 초안; 학년 규준이 아님. 진단과 교사 검수로 조정,I036,검수대기,껄끄러운,학습/빈칸 문장 대조에서 추정. 원문 정답표가 아님.
13,6,아득하고 멀어서 눈에 아물아물하다.,예) 그의 행방이 묘연하다,묘연,96,W0096,96,14,아득하고 멀어서 눈에 아물아물하다.,예) 그의 행방이 (  )하다,96,묘연,원문 형태 유지·사전 전수검증 전,묘연,96,,한자어 중심(잠정),문학·묘사·관용,B: 묘사·관용으로 확장,편집 초안; 학년 규준이 아님. 진단과 교사 검수로 조정,,사전·교사 검수 전,묘연,학습/빈칸 문장 대조에서 추정. 원문 정답표가 아님.
13,7,거의 비슷하다,예) 실전을 방불케 하다,방불,97,W0097,97,14,거의 비슷하다,예) 실전을 (   )케 하다,97,방불,원문 형태 유지·사전 전수검증 전,방불,97,,한자어 중심(잠정),문학·묘사·관용,B: 묘사·관용으로 확장,편집 초안; 학년 규준이 아님. 진단과 교사 검수로 조정,,사전·교사 검수 전,방불,학습/빈칸 문장 대조에서 추정. 원문 정답표가 아님.
13,8,불똥이 날아가 불이 번지듯 일이 번짐,예) 작은 일이 큰 일로 비화되다,비화,98,W0098,98,14,불똥이 날아가 불이 번지듯 일이 번짐,예) 작은 일이 큰 일로 (  )되다,98,비화,원문 형태 유지·사전 전수검증 전,비화,98,,한자어 중심(잠정),추상·사회·전문,C: 추상·전문 의미 확장,편집 초안; 학년 규준이 아님. 진단과 교사 검수로 조정,,사전·교사 검수 전,비화,학습/빈칸 문장 대조에서 추정. 원문 정답표가 아님.
13,9,비기는 효과로 서로 없애 버리다,예) 이익과 손실을 상쇄했다,상쇄,99,W0099,99,14,비기는 효과로 서로 없애 버리다,예) 이익과 손실을 (  )했다,99,상쇄,원문 형태 유지·사전 전수검증 전,상쇄,99,,한자어 중심(잠정),추상·사회·전문,C: 추상·전문 의미 확장,편집 초안; 학년 규준이 아님. 진단과 교사 검수로 조정,,사전·교사 검수 전,상쇄,학습/빈칸 문장 대조에서 추정. 원문 정답표가 아님.
13,10,"상서로운 빛, 희망의 징조",예) 해결의 서광이 보인다,서광,100,W0100,100,14,"상서로운 빛, 희망의 징조",예) 해결의 (  )이 보인다,100,서광,원문 형태 유지·사전 전수검증 전,서광,100,,한자어 중심(잠정),문학·묘사·관용,B: 묘사·관용으로 확장,편집 초안; 학년 규준이 아님. 진단과 교사 검수로 조정,,사전·교사 검수 전,서광,학습/빈칸 문장 대조에서 추정. 원문 정답표가 아님.
13,11,생각하고 헤아려 봄,예) 이사 할 때 환경을 고려하다,고려하다,101,W0101,101,14,생각하고 헤아려 봄,예) 이사 할 때 환경을 (    ),101,고려하다,원문 형태 유지·사전 전수검증 전,고려,101,,한자어 중심(잠정),추상·사회·전문,C: 추상·전문 의미 확장,편집 초안; 학년 규준이 아님. 진단과 교사 검수로 조정,,사전·교사 검수 전,고려하다,학습/빈칸 문장 대조에서 추정. 원문 정답표가 아님.
13,12,의사가 환자를 진찰하고 치료함,예) 의사가 환자를 진료하다,진료하다,102,W0102,102,14,의사가 환자를 진찰하고 치료함,예) 의사가 환자를 (    ),102,진료하다,원문 형태 유지·사전 전수검증 전,진료,102,,한자어 중심(잠정),추상·사회·전문,C: 추상·전문 의미 확장,편집 초안; 학년 규준이 아님. 진단과 교사 검수로 조정,,사전·교사 검수 전,진료하다,학습/빈칸 문장 대조에서 추정. 원문 정답표가 아님.
13,13,"일, 사무를 절차에 따라 해결함",예) 업무를 신속하게 처리하다,처리하다,103,W0103,103,14,"일, 사무를 절차에 따라 해결함",예) 업무를 신속하게 (    ),103,처리하다,원문 형태 유지·사전 전수검증 전,처리,103,,한자어 중심(잠정),추상·사회·전문,C: 추상·전문 의미 확장,편집 초안; 학년 규준이 아님. 진단과 교사 검수로 조정,,사전·교사 검수 전,처리하다,학습/빈칸 문장 대조에서 추정. 원문 정답표가 아님.
13,14,"영화, 운동 경기 등을 구경함",예) 미술관에서 그림을 관람하다,관람하다,104,W0104,104,14,"영화, 운동 경기 등을 구경함",예) 미술관에서 그림을 (    ),104,관람하다,원문 형태 유지·사전 전수검증 전,관람,104,,한자어 중심(잠정),추상·사회·전문,C: 추상·전문 의미 확장,편집 초안; 학년 규준이 아님. 진단과 교사 검수로 조정,,사전·교사 검수 전,관람하다,학습/빈칸 문장 대조에서 추정. 원문 정답표가 아님.
13,15,"책, 신문, 영상 등을 정기적으로 봄",예) 잡지를 3년째 구독하고 있다,구독하다,105,W0105,105,14,"책, 신문, 영상 등을 정기적으로 봄",예) 잡지를 3년째 (   )하고 있다,105,구독하다,원문 형태 유지·사전 전수검증 전,구독,105,,한자어 중심(잠정),추상·사회·전문,C: 추상·전문 의미 확장,편집 초안; 학년 규준이 아님. 진단과 교사 검수로 조정,,사전·교사 검수 전,구독,학습/빈칸 문장 대조에서 추정. 원문 정답표가 아님.
15,1,인정이 없고 쌀쌀맞다,예) 그녀는 매몰차게 거절했다,매몰차다,106,W0106,106,16,인정이 없고 쌀쌀맞다,예) 그녀는 (   )차게 거절했다,106,매몰차다,원문 형태 유지·사전 전수검증 전,매몰차다,106,,고유어 중심,문학·묘사·관용,B: 묘사·관용으로 확장,편집 초안; 학년 규준이 아님. 진단과 교사 검수로 조정,,사전·교사 검수 전,매몰,학습/빈칸 문장 대조에서 추정. 원문 정답표가 아님.
15,2,느낌이 시원하고 산뜻하다,예) 방에서 상큼한 향기가 난다,상큼하다,107,W0107,107,16,느낌이 시원하고 산뜻하다,예) 방에서 (  )한 향기가 난다,107,상큼하다,원문 형태 유지·사전 전수검증 전,상큼,107,,고유어 중심,생활·학습 기초,A: 생활 맥락으로 시작,편집 초안; 학년 규준이 아님. 진단과 교사 검수로 조정,,사전·교사 검수 전,상큼,학습/빈칸 문장 대조에서 추정. 원문 정답표가 아님.
15,3,서로 같음.,예) 기본구조가 상동 관계에 있다,상동,108,W0108,108,16,서로 같음.,예) 기본구조가 (    ) 관계에 있다,108,상동,원문 형태 유지·사전 전수검증 전,상동,108,,한자어 중심(잠정),추상·사회·전문,C: 추상·전문 의미 확장,편집 초안; 학년 규준이 아님. 진단과 교사 검수로 조정,I037,검수대기,상동,학습/빈칸 문장 대조에서 추정. 원문 정답표가 아님.
15,4,망설임이나 거침이 없음,예) 그는 의견을 서슴없이 말했다,서슴없다,109,W0109,109,16,망설임이나 거침이 없음,예) 그는 의견을 (   ) 말했다,109,서슴없다,원문 형태 유지·사전 전수검증 전,서슴없다,109,,고유어 중심,문학·묘사·관용,B: 묘사·관용으로 확장,편집 초안; 학년 규준이 아님. 진단과 교사 검수로 조정,,사전·교사 검수 전,서슴없이,학습/빈칸 문장 대조에서 추정. 원문 정답표가 아님.
15,5,시원하고 쾌적함,예) 가을 바람이 선선하다,선선하다,110,W0110,110,16,시원하고 쾌적함,예) 가을 바람이 (   )하다,110,선선하다,원문 형태 유지·사전 전수검증 전,선선,110,,고유어 중심,생활·학습 기초,A: 생활 맥락으로 시작,편집 초안; 학년 규준이 아님. 진단과 교사 검수로 조정,,사전·교사 검수 전,선선,학습/빈칸 문장 대조에서 추정. 원문 정답표가 아님.
15,6,의견이 맞지 않아 불화를 빚음,예) 부서 간 알력이 심해졌다,알력,111,W0111,111,16,의견이 맞지 않아 불화를 빚음,예) 부서 간 (   )이 심해졌다,111,알력,원문 형태 유지·사전 전수검증 전,알력,111,,한자어 중심(잠정),추상·사회·전문,C: 추상·전문 의미 확장,편집 초안; 학년 규준이 아님. 진단과 교사 검수로 조정,,사전·교사 검수 전,알력,학습/빈칸 문장 대조에서 추정. 원문 정답표가 아님.
15,7,행동이나 말이 분수에 넘침,예) 외람되지만 제 생각을 말하겠습니다,외람되다,112,W0112,112,16,행동이나 말이 분수에 넘침,예) (   )되지만 제 생각을 말하겠습니다,112,외람되다,원문 형태 유지·사전 전수검증 전,외람,112,,한자어 중심(잠정),문학·묘사·관용,B: 묘사·관용으로 확장,편집 초안; 학년 규준이 아님. 진단과 교사 검수로 조정,,사전·교사 검수 전,외람,학습/빈칸 문장 대조에서 추정. 원문 정답표가 아님.
15,8,영토나 권리를 갉아먹음,예) 중국 기업이 반도체 시장을 잠식했다,잠식,113,W0113,113,16,영토나 권리를 갉아먹음,예) 중국 기업이 반도체 시장을 (  )했다,113,잠식,원문 형태 유지·사전 전수검증 전,잠식,113,,한자어 중심(잠정),추상·사회·전문,C: 추상·전문 의미 확장,편집 초안; 학년 규준이 아님. 진단과 교사 검수로 조정,,사전·교사 검수 전,잠식,학습/빈칸 문장 대조에서 추정. 원문 정답표가 아님.
15,9,내버려 두고 문제 삼지 아니함.,예) 만사 차치하고 일은 해치움,차치,114,W0114,114,16,내버려 두고 문제 삼지 아니함.,예) 만사 (   )하고 일은 해치움,114,차치,원문 형태 유지·사전 전수검증 전,차치,114,,한자어 중심(잠정),추상·사회·전문,C: 추상·전문 의미 확장,편집 초안; 학년 규준이 아님. 진단과 교사 검수로 조정,,사전·교사 검수 전,차치,학습/빈칸 문장 대조에서 추정. 원문 정답표가 아님.
15,10,전염병이 걷잡을 수 없이 퍼짐,예) 20세기에 전염병이 창궐했다,창궐,115,W0115,115,16,전염병이 걷잡을 수 없이 퍼짐,예) 20세기에 전염병이 (   )했다,115,창궐,원문 형태 유지·사전 전수검증 전,창궐,115,,한자어 중심(잠정),추상·사회·전문,C: 추상·전문 의미 확장,편집 초안; 학년 규준이 아님. 진단과 교사 검수로 조정,,사전·교사 검수 전,창궐,학습/빈칸 문장 대조에서 추정. 원문 정답표가 아님.
15,11,알려지지 않은 것을 찾아냄,예) 과학자들이 새 행성을 발견했다,발견하다,116,W0116,116,16,알려지지 않은 것을 찾아냄,예) 과학자들이 새 행성을 (    )했다,116,발견하다,원문 형태 유지·사전 전수검증 전,발견,116,,한자어 중심(잠정),생활·학습 기초,A: 생활 맥락으로 시작,편집 초안; 학년 규준이 아님. 진단과 교사 검수로 조정,,사전·교사 검수 전,발견,학습/빈칸 문장 대조에서 추정. 원문 정답표가 아님.
15,12,앞으로 일어날 일을 미리 짐작함,예) 더위가 일찍 시작될 예상이다,예상하다,117,W0117,117,16,앞으로 일어날 일을 미리 짐작함,예) 더위가 일찍 시작될 (    )이다,117,예상하다,원문 형태 유지·사전 전수검증 전,예상,117,,한자어 중심(잠정),생활·학습 기초,A: 생활 맥락으로 시작,편집 초안; 학년 규준이 아님. 진단과 교사 검수로 조정,,사전·교사 검수 전,예상,학습/빈칸 문장 대조에서 추정. 원문 정답표가 아님.
15,13,"건물, 사회 등을 만들어 세움",예) 정부가 외곽 신도시를 건설한다,건설하다,118,W0118,118,16,"건물, 사회 등을 만들어 세움",예) 정부가 외곽 신도시를 (    )한다,118,건설하다,원문 형태 유지·사전 전수검증 전,건설,118,,한자어 중심(잠정),추상·사회·전문,C: 추상·전문 의미 확장,편집 초안; 학년 규준이 아님. 진단과 교사 검수로 조정,,사전·교사 검수 전,건설,학습/빈칸 문장 대조에서 추정. 원문 정답표가 아님.
15,14,단체나 조직을 새로 만듬,예) 환경 보호 동아리를 결성했다,결성하다,119,W0119,119,16,단체나 조직을 새로 만듬,예) 환경 보호 동아리를 (    )했다,119,결성하다,원문 형태 유지·사전 전수검증 전,결성,119,,한자어 중심(잠정),추상·사회·전문,C: 추상·전문 의미 확장,편집 초안; 학년 규준이 아님. 진단과 교사 검수로 조정,I018,검수대기,결성,학습/빈칸 문장 대조에서 추정. 원문 정답표가 아님.
15,15,"어떤 일, 사건을 부추겨 일으킴",예) 말실수가 큰 오해를 야기했다,야기하다,120,W0120,120,16,"어떤 일, 사건을 부추겨 일으킴",예) 말실수가 큰 오해를 (    )했다,120,야기하다,원문 형태 유지·사전 전수검증 전,야기,120,,한자어 중심(잠정),추상·사회·전문,C: 추상·전문 의미 확장,편집 초안; 학년 규준이 아님. 진단과 교사 검수로 조정,,사전·교사 검수 전,야기,학습/빈칸 문장 대조에서 추정. 원문 정답표가 아님.
17,1,솜씨가 서투르고 어설프다,예) 섣부른 판단은 금물이다,섣부르다,121,W0121,121,18,솜씨가 서투르고 어설프다,예) (   ) 판단은 금물이다,121,섣부르다,원문 형태 유지·사전 전수검증 전,섣부르다,121,,고유어 중심,문학·묘사·관용,B: 묘사·관용으로 확장,편집 초안; 학년 규준이 아님. 진단과 교사 검수로 조정,,사전·교사 검수 전,섣부른,학습/빈칸 문장 대조에서 추정. 원문 정답표가 아님.
17,2,몸이 튼튼하고 아무 병이 없다.,예) 전쟁으로 생때같은 자식을 잃다,생때같다,122,W0122,122,18,몸이 튼튼하고 아무 병이 없다.,예) 전쟁으로 (   ) 자식을 잃다,122,생때같다,원문 형태 유지·사전 전수검증 전,생때같다,122,,고유어 중심,문학·묘사·관용,B: 묘사·관용으로 확장,편집 초안; 학년 규준이 아님. 진단과 교사 검수로 조정,,사전·교사 검수 전,생때같은,학습/빈칸 문장 대조에서 추정. 원문 정답표가 아님.
17,3,상황에 맞지 않게 엉뚱하다,예) 너는 생뚱맞은 소리를 한다,생뚱맞다,123,W0123,123,18,상황에 맞지 않게 엉뚱하다,예) 너는 (   ) 소리를 한다,123,생뚱맞다,원문 형태 유지·사전 전수검증 전,생뚱맞다,123,,고유어 중심,문학·묘사·관용,B: 묘사·관용으로 확장,편집 초안; 학년 규준이 아님. 진단과 교사 검수로 조정,,사전·교사 검수 전,생뚱맞은,학습/빈칸 문장 대조에서 추정. 원문 정답표가 아님.
17,4,어찌할 도리가 없다.,예) 24시간이 속절없이 흐른다,속절없다,124,W0124,124,18,어찌할 도리가 없다.,예) 24시간이 (   ) 흐른다,124,속절없다,원문 형태 유지·사전 전수검증 전,속절없다,124,,고유어 중심,문학·묘사·관용,B: 묘사·관용으로 확장,편집 초안; 학년 규준이 아님. 진단과 교사 검수로 조정,,사전·교사 검수 전,속절없이,학습/빈칸 문장 대조에서 추정. 원문 정답표가 아님.
17,5,성격이 까다롭지 않고 원만하다,예) 남준이는 성격이 수더분하다,수더분하다,125,W0125,125,18,성격이 까다롭지 않고 원만하다,예) 남준이는 성격이 (     ),125,수더분하다,원문 형태 유지·사전 전수검증 전,수더분,125,,고유어 중심,문학·묘사·관용,B: 묘사·관용으로 확장,편집 초안; 학년 규준이 아님. 진단과 교사 검수로 조정,,사전·교사 검수 전,수더분하다,학습/빈칸 문장 대조에서 추정. 원문 정답표가 아님.
17,6,깨진 거울처럼 부부 관계가 깨짐,예) 부부가 결국 파경을 맞다,파경,126,W0126,126,18,깨진 거울처럼 부부 관계가 깨짐,예) 부부가 결국 (   )을 맞다,126,파경,원문 형태 유지·사전 전수검증 전,파경,126,,한자어 중심(잠정),추상·사회·전문,C: 추상·전문 의미 확장,편집 초안; 학년 규준이 아님. 진단과 교사 검수로 조정,,사전·교사 검수 전,파경,학습/빈칸 문장 대조에서 추정. 원문 정답표가 아님.
17,7,속마음을 털어놓고 말함,예) 의견을 당당히 피력했다,피력,127,W0127,127,18,생각이나 성의를 명백히 털어놓음,예) 의견을 당당히 (   )했다,127,피력,원문 형태 유지·사전 전수검증 전,피력,127,,한자어 중심(잠정),추상·사회·전문,C: 추상·전문 의미 확장,편집 초안; 학년 규준이 아님. 진단과 교사 검수로 조정,,사전·교사 검수 전,피력,학습/빈칸 문장 대조에서 추정. 원문 정답표가 아님.
17,8,학식이 있음을 뽐내어 자랑함,예) 현학적인 태도를 보이다,현학적인,128,W0128,128,18,학식이 있음을 뽐내어 자랑함,예) (   )적인 태도를 보이다,128,현학적,제안·국립국어원 표제/품사 검수 필요,현학적,128,,혼합·표현,추상·사회·전문,C: 추상·전문 의미 확장,편집 초안; 학년 규준이 아님. 진단과 교사 검수로 조정,,사전·교사 검수 전,현학,학습/빈칸 문장 대조에서 추정. 원문 정답표가 아님.
17,9,잘못을 따져 묻고 꾸짖음,예) 엄하게 힐책을 당하다,힐책,129,W0129,129,18,잘못을 따져 묻고 꾸짖음,예) 엄하게 (   )을 당하다,129,힐책,원문 형태 유지·사전 전수검증 전,힐책,129,,한자어 중심(잠정),추상·사회·전문,C: 추상·전문 의미 확장,편집 초안; 학년 규준이 아님. 진단과 교사 검수로 조정,,사전·교사 검수 전,힐책,학습/빈칸 문장 대조에서 추정. 원문 정답표가 아님.
17,10,실현 불가능한 허황된 공상,예) 백일몽에 불과한 계획,백일몽,130,W0130,130,18,실현 불가능한 허황된 공상,예) (   )에 불과한 계획,130,백일몽,원문 형태 유지·사전 전수검증 전,백일몽,130,,한자어 중심(잠정),문학·묘사·관용,B: 묘사·관용으로 확장,편집 초안; 학년 규준이 아님. 진단과 교사 검수로 조정,,사전·교사 검수 전,백일몽,학습/빈칸 문장 대조에서 추정. 원문 정답표가 아님.
17,11,서류나 원고를 양식에 맞게 만듬,예) 회의 결과를 깔끔하게 작성했다,작성하다,131,W0131,131,18,서류나 원고를 양식에 맞게 만듬,예) 회의 결과를 깔끔하게 (   )했다,131,작성하다,원문 형태 유지·사전 전수검증 전,작성,131,,한자어 중심(잠정),생활·학습 기초,A: 생활 맥락으로 시작,편집 초안; 학년 규준이 아님. 진단과 교사 검수로 조정,,사전·교사 검수 전,작성,학습/빈칸 문장 대조에서 추정. 원문 정답표가 아님.
17,12,"법률, 규칙, 제도 등을 만들어 정함",예) 환경 오염 특별법을 제정했다,제정하다,132,W0132,132,18,"법률, 규칙, 제도 등을 만들어 정함",예) 환경 오염 특별법을 (   )했다,132,제정하다,원문 형태 유지·사전 전수검증 전,제정,132,,한자어 중심(잠정),추상·사회·전문,C: 추상·전문 의미 확장,편집 초안; 학년 규준이 아님. 진단과 교사 검수로 조정,,사전·교사 검수 전,제정,학습/빈칸 문장 대조에서 추정. 원문 정답표가 아님.
17,13,원료를 가공하여 물건을 만들다,예) 자동차 부품을 대량 제조하다,제조하다,133,W0133,133,18,원료를 가공하여 물건을 만들다,예) 자동차 부품을 대량 (   )하다,133,제조하다,원문 형태 유지·사전 전수검증 전,제조,133,,한자어 중심(잠정),생활·학습 기초,A: 생활 맥락으로 시작,편집 초안; 학년 규준이 아님. 진단과 교사 검수로 조정,,사전·교사 검수 전,제조,학습/빈칸 문장 대조에서 추정. 원문 정답표가 아님.
17,14,분위기나 환경 등을 만들다,예) 학교는 환경을 조성했다,조성하다,134,W0134,134,18,분위기나 환경 등을 만들다,예) 학교는 환경을 (   )했다,134,조성하다,원문 형태 유지·사전 전수검증 전,조성,134,,한자어 중심(잠정),추상·사회·전문,C: 추상·전문 의미 확장,편집 초안; 학년 규준이 아님. 진단과 교사 검수로 조정,,사전·교사 검수 전,조성,학습/빈칸 문장 대조에서 추정. 원문 정답표가 아님.
17,15,겉으로는 멀쩡한데 속으로 든 병.,예)계단에서 굴러 몸이 골병들었다,골병들다,135,W0135,135,18,겉으로는 멀쩡한데 속으로 든 병,예)계단에서 굴러 몸이 (    )들었다,135,골병들다,원문 형태 유지·사전 전수검증 전,골병들다,135,,혼합·표현,문학·묘사·관용,B: 묘사·관용으로 확장,편집 초안; 학년 규준이 아님. 진단과 교사 검수로 조정,,사전·교사 검수 전,골병,학습/빈칸 문장 대조에서 추정. 원문 정답표가 아님.
19,1,분위기가 쓸쓸하고 으스스하다,예) 먹구름 낀 날씨가 스산하다,스산하다,,W0136,136,20,분위기가 쓸쓸하고 으스스하다,예) 먹구름 낀 날씨가 (   )하다,136,스산하다,원문 형태 유지·사전 전수검증 전,스산,136,19쪽 학습번호 없음; 20쪽 짝페이지 원문번호 136–150을 연결,고유어 중심,문학·묘사·관용,B: 묘사·관용으로 확장,편집 초안; 학년 규준이 아님. 진단과 교사 검수로 조정,,사전·교사 검수 전,스산,학습/빈칸 문장 대조에서 추정. 원문 정답표가 아님.
19,2,마음이 아프고 애처롭다,예) 아프리카 아이의 애달픈 사연을 듣다,애달프다,,W0137,137,20,마음이 아프고 애처롭다,예) 아프리카 아이의 (   ) 사연을 듣다,137,애달프다,원문 형태 유지·사전 전수검증 전,애달프다,137,19쪽 학습번호 없음; 20쪽 짝페이지 원문번호 136–150을 연결,고유어 중심,문학·묘사·관용,B: 묘사·관용으로 확장,편집 초안; 학년 규준이 아님. 진단과 교사 검수로 조정,,사전·교사 검수 전,애달픈,학습/빈칸 문장 대조에서 추정. 원문 정답표가 아님.
19,3,분수에 맞지 않고 능력이 부족하다,예) 언니는 어쭙잖은 행동을 자주한다,어쭙잖다,,W0138,138,20,분수에 맞지 않고 능력이 부족하다,예) 언니는 (   ) 행동을 자주한다,138,어쭙잖다,원문 형태 유지·사전 전수검증 전,어쭙잖다,138,19쪽 학습번호 없음; 20쪽 짝페이지 원문번호 136–150을 연결,고유어 중심,문학·묘사·관용,B: 묘사·관용으로 확장,편집 초안; 학년 규준이 아님. 진단과 교사 검수로 조정,,사전·교사 검수 전,어쭙잖은,학습/빈칸 문장 대조에서 추정. 원문 정답표가 아님.
19,4,"정신, 마음, 행동이 바르고 곧다",예) 정약용은 올곧은 성품을 지녔다,올곧다,,W0139,139,20,"정신, 마음, 행동이 바르고 곧다",예) 정약용은 (   )은 성품을 지녔다,139,올곧다,원문 형태 유지·사전 전수검증 전,올곧다,139,19쪽 학습번호 없음; 20쪽 짝페이지 원문번호 136–150을 연결,고유어 중심,문학·묘사·관용,B: 묘사·관용으로 확장,편집 초안; 학년 규준이 아님. 진단과 교사 검수로 조정,,사전·교사 검수 전,올곧,학습/빈칸 문장 대조에서 추정. 원문 정답표가 아님.
19,5,속이 꽉 차고 실속있다,예) 옥수수가 옹골지게 여물었다,옹골지다,,W0140,140,20,속이 꽉 차고 실속있다,예) 옥수수가 (   )지게 여물었다,140,옹골지다,원문 형태 유지·사전 전수검증 전,옹골지다,140,19쪽 학습번호 없음; 20쪽 짝페이지 원문번호 136–150을 연결,고유어 중심,문학·묘사·관용,B: 묘사·관용으로 확장,편집 초안; 학년 규준이 아님. 진단과 교사 검수로 조정,,사전·교사 검수 전,옹골,학습/빈칸 문장 대조에서 추정. 원문 정답표가 아님.
19,6,"마귀가 숨어 있는 집, 악의 소굴",예) 정치권의 부정부패는 복마전이다,복마전,,W0141,141,20,"마귀가 숨어 있는 집, 악의 소굴",예) 정치권의 부정부패는 (   )이다,141,복마전,원문 형태 유지·사전 전수검증 전,복마전,141,19쪽 학습번호 없음; 20쪽 짝페이지 원문번호 136–150을 연결,한자어 중심(잠정),문학·묘사·관용,B: 묘사·관용으로 확장,편집 초안; 학년 규준이 아님. 진단과 교사 검수로 조정,,사전·교사 검수 전,복마전,학습/빈칸 문장 대조에서 추정. 원문 정답표가 아님.
19,7,어떤 일이 결정되는 중대한 전환점,예)　3.1운동은 독립의 분수령이 되었다,분수령,,W0142,142,20,어떤 일이 결정되는 중대한 전환점,예)　3.1운동은 독립의 (   )이 되었다,142,분수령,원문 형태 유지·사전 전수검증 전,분수령,142,19쪽 학습번호 없음; 20쪽 짝페이지 원문번호 136–150을 연결,한자어 중심(잠정),문학·묘사·관용,B: 묘사·관용으로 확장,편집 초안; 학년 규준이 아님. 진단과 교사 검수로 조정,,사전·교사 검수 전,분수령,학습/빈칸 문장 대조에서 추정. 원문 정답표가 아님.
19,8,밤이 없는 성처럼 등불이 밝은 곳,예) 축제는 밤이 깊도록 불야성을 이뤘다,불야성,,W0143,143,20,밤이 없는 성처럼 등불이 밝은 곳,예) 축제는 밤이 깊도록 (   )을 이뤘다,143,불야성,원문 형태 유지·사전 전수검증 전,불야성,143,19쪽 학습번호 없음; 20쪽 짝페이지 원문번호 136–150을 연결,한자어 중심(잠정),문학·묘사·관용,B: 묘사·관용으로 확장,편집 초안; 학년 규준이 아님. 진단과 교사 검수로 조정,,사전·교사 검수 전,불야성,학습/빈칸 문장 대조에서 추정. 원문 정답표가 아님.
19,9,열렬한 변론,예) 국회의원이 열변을 토했다,열변,,W0144,144,20,열렬한 변론,예) 국회의원이 (   )을 토했다,144,열변,원문 형태 유지·사전 전수검증 전,열변,144,19쪽 학습번호 없음; 20쪽 짝페이지 원문번호 136–150을 연결,한자어 중심(잠정),문학·묘사·관용,B: 묘사·관용으로 확장,편집 초안; 학년 규준이 아님. 진단과 교사 검수로 조정,,사전·교사 검수 전,열변,학습/빈칸 문장 대조에서 추정. 원문 정답표가 아님.
19,10,"지혜, 재주가 뛰어난 젊은이",예) 야구계의 기린아로 평가받다,기린아,,W0145,145,20,"지혜, 재주가 뛰어난 젊은이",예) 야구계의 (   )로 평가받다,145,기린아,원문 형태 유지·사전 전수검증 전,기린아,145,19쪽 학습번호 없음; 20쪽 짝페이지 원문번호 136–150을 연결,한자어 중심(잠정),문학·묘사·관용,B: 묘사·관용으로 확장,편집 초안; 학년 규준이 아님. 진단과 교사 검수로 조정,,사전·교사 검수 전,기린아,학습/빈칸 문장 대조에서 추정. 원문 정답표가 아님.
19,11,해수욕장이 문을 열다,예) 이번 주말부터 해수욕장이 개장된다,개장하다,,W0146,146,20,해수욕장이 문을 열다,예) 이번 주말부터 해수욕장이 (   )된다,146,개장하다,원문 형태 유지·사전 전수검증 전,개장,146,19쪽 학습번호 없음; 20쪽 짝페이지 원문번호 136–150을 연결,한자어 중심(잠정),추상·사회·전문,C: 추상·전문 의미 확장,편집 초안; 학년 규준이 아님. 진단과 교사 검수로 조정,,사전·교사 검수 전,개장,학습/빈칸 문장 대조에서 추정. 원문 정답표가 아님.
19,12,돈을 쓰는 데 몹시 인색한 사람,예) 우리 동네에 소문난 구두쇠가 산다,구두쇠,,W0147,147,20,돈을 쓰는 데 몹시 인색한 사람,예) 우리 동네에 소문난 (      )가 산다,147,구두쇠,원문 형태 유지·사전 전수검증 전,구두쇠,147,19쪽 학습번호 없음; 20쪽 짝페이지 원문번호 136–150을 연결,고유어 중심,생활·학습 기초,A: 생활 맥락으로 시작,편집 초안; 학년 규준이 아님. 진단과 교사 검수로 조정,,사전·교사 검수 전,구두쇠,학습/빈칸 문장 대조에서 추정. 원문 정답표가 아님.
19,13,자리에서 일어서다,예) 연주가 끝나자 관객들이 기립했다,기립하다,,W0148,148,20,자리에서 일어서다,예) 연주가 끝나자 관객들이 (   )했다,148,기립하다,원문 형태 유지·사전 전수검증 전,기립,148,19쪽 학습번호 없음; 20쪽 짝페이지 원문번호 136–150을 연결,한자어 중심(잠정),추상·사회·전문,C: 추상·전문 의미 확장,편집 초안; 학년 규준이 아님. 진단과 교사 검수로 조정,,사전·교사 검수 전,기립,학습/빈칸 문장 대조에서 추정. 원문 정답표가 아님.
19,14,난폭한 행동을 버릇없이 함,예) 깡패들의 행패가 심해졌다,행패,,W0149,149,20,난폭한 행동을 버릇없이 함,예) 깡패들의 (     )가 심해졌다,149,행패,원문 형태 유지·사전 전수검증 전,행패,149,19쪽 학습번호 없음; 20쪽 짝페이지 원문번호 136–150을 연결,한자어 중심(잠정),추상·사회·전문,C: 추상·전문 의미 확장,편집 초안; 학년 규준이 아님. 진단과 교사 검수로 조정,,사전·교사 검수 전,행패,학습/빈칸 문장 대조에서 추정. 원문 정답표가 아님.
19,15,초라하고 꾀죄죄하다.,예) 궁상맞은 얼굴 좀 하자마라,궁상맞다,,W0150,150,20,초라하고 꾀죄죄하다.,예) (     )맞은 얼굴 좀 하자마라,150,궁상맞다,원문 형태 유지·사전 전수검증 전,궁상맞다,150,19쪽 학습번호 없음; 20쪽 짝페이지 원문번호 136–150을 연결,고유어 중심,문학·묘사·관용,B: 묘사·관용으로 확장,편집 초안; 학년 규준이 아님. 진단과 교사 검수로 조정,I019,검수대기,궁상,학습/빈칸 문장 대조에서 추정. 원문 정답표가 아님.
21,1,날씨나 분위기가 쓸쓸하다,예) 비오니 가을 날씨가 을씨년스럽다,을씨년스럽다,151,W0151,151,22,날씨나 분위기가 쓸쓸하다,예) 비오니 가을 날씨가 (   ),151,을씨년스럽다,원문 형태 유지·사전 전수검증 전,을씨년스럽다,151,,고유어 중심,문학·묘사·관용,B: 묘사·관용으로 확장,편집 초안; 학년 규준이 아님. 진단과 교사 검수로 조정,,사전·교사 검수 전,을씨년스럽다,학습/빈칸 문장 대조에서 추정. 원문 정답표가 아님.
21,2,더럽게 물듦,예) 폐수로 강물이 오염됐다,오염,152,W0152,152,22,더럽게 물듦,예) 폐수로 강물이 (   )됐다,152,오염,원문 형태 유지·사전 전수검증 전,오염,152,,한자어 중심(잠정),생활·학습 기초,A: 생활 맥락으로 시작,편집 초안; 학년 규준이 아님. 진단과 교사 검수로 조정,,사전·교사 검수 전,오염,학습/빈칸 문장 대조에서 추정. 원문 정답표가 아님.
21,3,독성이 있음.,예) 저것은 유독성 산업 폐기물이다,유독성,153,W0153,153,22,독성이 있음.,예) 저것은 (     ) 산업 폐기물이다,153,유독성,원문 형태 유지·사전 전수검증 전,유독성,153,,한자어 중심(잠정),추상·사회·전문,C: 추상·전문 의미 확장,편집 초안; 학년 규준이 아님. 진단과 교사 검수로 조정,,사전·교사 검수 전,유독성,학습/빈칸 문장 대조에서 추정. 원문 정답표가 아님.
21,4,근거나 이유가 전혀 없다,예) 동네에 터무니없는 소문이 돌다,터무니없다,154,W0154,154,22,근거나 이유가 전혀 없다,예) 동네에 (     ) 소문이 돌다,154,터무니없다,원문 형태 유지·사전 전수검증 전,터무니없다,154,,고유어 중심,추상·사회·전문,C: 추상·전문 의미 확장,편집 초안; 학년 규준이 아님. 진단과 교사 검수로 조정,,사전·교사 검수 전,터무니없는,학습/빈칸 문장 대조에서 추정. 원문 정답표가 아님.
21,5,모양이 거칠고 세련되지 못하다,예) 사투리 말씨가 투박하다,투박하다,155,W0155,155,22,모양이 거칠고 세련되지 못하다,예) 사투리 말씨가 (   )하다,155,투박하다,원문 형태 유지·사전 전수검증 전,투박,155,,고유어 중심,문학·묘사·관용,B: 묘사·관용으로 확장,편집 초안; 학년 규준이 아님. 진단과 교사 검수로 조정,,사전·교사 검수 전,투박,학습/빈칸 문장 대조에서 추정. 원문 정답표가 아님.
21,6,풍채가 좋고 호탕한 사내,예) 제복을 입으니 호남아의 기개가 느껴진다,호남아,156,W0156,156,22,풍채가 좋고 호탕한 사내,예) 제복을 입으니 (   )의 기개가 느껴진다,156,호남아,원문 형태 유지·사전 전수검증 전,호남아,156,,한자어 중심(잠정),문학·묘사·관용,B: 묘사·관용으로 확장,편집 초안; 학년 규준이 아님. 진단과 교사 검수로 조정,,사전·교사 검수 전,호남아,학습/빈칸 문장 대조에서 추정. 원문 정답표가 아님.
21,7,어머니 배 속에 았을 때 아버지를 잃은  자식,예) 그는 유복자로 태어나 자랐다,유복자,157,W0157,157,22,어머니 배 속에서 아버지를 여윈 자식,예) 그는 (   )로 태어나 자랐다,157,유복자,원문 형태 유지·사전 전수검증 전,유복자,157,,한자어 중심(잠정),문학·묘사·관용,B: 묘사·관용으로 확장,편집 초안; 학년 규준이 아님. 진단과 교사 검수로 조정,I020,검수대기,유복자,학습/빈칸 문장 대조에서 추정. 원문 정답표가 아님.
21,8,좋은 기회를 타고 활약하는 영웅적 인물,예) 그 기업가는 시대가 낳은 풍운아이다,풍운아,158,W0158,158,22,좋은 기회를 타고 활약하는 영웅적 인물,예) 그 기업가는 시대가 낳은 (   )이다,158,풍운아,원문 형태 유지·사전 전수검증 전,풍운아,158,,한자어 중심(잠정),문학·묘사·관용,B: 묘사·관용으로 확장,편집 초안; 학년 규준이 아님. 진단과 교사 검수로 조정,,사전·교사 검수 전,풍운아,학습/빈칸 문장 대조에서 추정. 원문 정답표가 아님.
21,9,남보다 먼저 깨달은 사람,예) 한 시대의 선각자 역할을 하다,선각자,159,W0159,159,22,남보다 먼저 깨달은 사람,예) 한 시대의 (   ) 역할을 하다,159,선각자,원문 형태 유지·사전 전수검증 전,선각자,159,,한자어 중심(잠정),추상·사회·전문,C: 추상·전문 의미 확장,편집 초안; 학년 규준이 아님. 진단과 교사 검수로 조정,,사전·교사 검수 전,선각자,학습/빈칸 문장 대조에서 추정. 원문 정답표가 아님.
21,10,좋은 양분을 몸속에 빨아들임,예) 유기견 강아지라 영양 섭취가 안좋다,섭취,160,W0160,160,22,좋은 양분을 몸속에 빨아들임,예) 유기견 강아지라 영양 (   )가 안좋다,160,섭취,원문 형태 유지·사전 전수검증 전,섭취,160,,한자어 중심(잠정),추상·사회·전문,C: 추상·전문 의미 확장,편집 초안; 학년 규준이 아님. 진단과 교사 검수로 조정,I038,검수대기,섭취,학습/빈칸 문장 대조에서 추정. 원문 정답표가 아님.
21,11,공기 같은 물질이 전혀 없는,예) 달은 거의 진공 상태이다,진공,161,W0161,161,22,공기 같은 물질이 전혀 없는,예) 달은 거의 (     ) 상태이다,161,진공,원문 형태 유지·사전 전수검증 전,진공,161,,한자어 중심(잠정),추상·사회·전문,C: 추상·전문 의미 확장,편집 초안; 학년 규준이 아님. 진단과 교사 검수로 조정,I039,검수대기,진공,학습/빈칸 문장 대조에서 추정. 원문 정답표가 아님.
21,12,"돈, 마일리지를 차곡차곡 쌓다",예) 물건 살 때 포인트를 적립했다,적립하다,162,W0162,162,22,"돈, 마일리지를 차곡차곡 쌓다",예) 물건 살 때 포인트를 (   )했다,162,적립하다,원문 형태 유지·사전 전수검증 전,적립,162,,한자어 중심(잠정),생활·학습 기초,A: 생활 맥락으로 시작,편집 초안; 학년 규준이 아님. 진단과 교사 검수로 조정,,사전·교사 검수 전,적립,학습/빈칸 문장 대조에서 추정. 원문 정답표가 아님.
21,13,더러운 것을 깨끗하게 함,예) 폑수 정화 시설을 새로 설치했다,정화,163,W0163,163,22,더러운 것을 깨끗하게 함,예) 폑수 (    ) 시설을 새로 설치했다,163,정화,원문 형태 유지·사전 전수검증 전,정화,163,,한자어 중심(잠정),생활·학습 기초,A: 생활 맥락으로 시작,편집 초안; 학년 규준이 아님. 진단과 교사 검수로 조정,I021,검수대기,정화,학습/빈칸 문장 대조에서 추정. 원문 정답표가 아님.
21,14,"생각, 뜻, 언어 등이 서로 통하다",예) 두 사람 의견은 이 취지에서 상통한다,상통하다,164,W0164,164,22,"생각, 뜻, 언어 등이 서로 통하다",예) 두 사람 의견은 이 취지에서 (   )한다,164,상통하다,원문 형태 유지·사전 전수검증 전,상통,164,,한자어 중심(잠정),추상·사회·전문,C: 추상·전문 의미 확장,편집 초안; 학년 규준이 아님. 진단과 교사 검수로 조정,,사전·교사 검수 전,상통,학습/빈칸 문장 대조에서 추정. 원문 정답표가 아님.
21,15,몸이나 물체 속의 물기를 뺌,예) 빨래를 탈수해서 널었다.,탈수,165,W0165,165,22,몸이나 물체 속의 물기를 뺌,예) 빨래를 (     )해서 널었다.,165,탈수,원문 형태 유지·사전 전수검증 전,탈수,165,,한자어 중심(잠정),생활·학습 기초,A: 생활 맥락으로 시작,편집 초안; 학년 규준이 아님. 진단과 교사 검수로 조정,,사전·교사 검수 전,탈수,학습/빈칸 문장 대조에서 추정. 원문 정답표가 아님.
23,1,"어찌할 도리가 없이, 어쩔 수 없이",예) 그는 하릴없이 앉아 있다,하릴없다,166,W0166,166,24,"어찌할 도리가 없이, 어쩔 수 없이",예) 그는 (    ) 앉아 있다,166,하릴없다,원문 형태 유지·사전 전수검증 전,하릴없다,166,,고유어 중심,문학·묘사·관용,B: 묘사·관용으로 확장,편집 초안; 학년 규준이 아님. 진단과 교사 검수로 조정,,사전·교사 검수 전,하릴없이,학습/빈칸 문장 대조에서 추정. 원문 정답표가 아님.
23,2,액체·빛깔·명암 따위의 짙은 정도.,예) 소금물의 농도가 진했다,농도,167,W0167,167,24,액체·빛깔·명암 따위의 짙은 정도.,예) 소금물의 (    )가 진했다,167,농도,원문 형태 유지·사전 전수검증 전,농도,167,,한자어 중심(잠정),생활·학습 기초,A: 생활 맥락으로 시작,편집 초안; 학년 규준이 아님. 진단과 교사 검수로 조정,,사전·교사 검수 전,농도,학습/빈칸 문장 대조에서 추정. 원문 정답표가 아님.
23,3,거두어 감.,예) 쓰레기를 수거해 갔다.,수거,168,W0168,168,24,거두어 감.,예) 쓰레기를 (    )해 갔다.,168,수거,원문 형태 유지·사전 전수검증 전,수거,168,,한자어 중심(잠정),생활·학습 기초,A: 생활 맥락으로 시작,편집 초안; 학년 규준이 아님. 진단과 교사 검수로 조정,,사전·교사 검수 전,수거,학습/빈칸 문장 대조에서 추정. 원문 정답표가 아님.
23,4,바다의 밑바닥.,예) 바다에 해저 터널을 뚫었다,해저,169,W0169,169,24,바다의 밑바닥.,예) 바다에 (    ) 터널을 뚫었다,169,해저,원문 형태 유지·사전 전수검증 전,해저,169,,한자어 중심(잠정),생활·학습 기초,A: 생활 맥락으로 시작,편집 초안; 학년 규준이 아님. 진단과 교사 검수로 조정,,사전·교사 검수 전,해저,학습/빈칸 문장 대조에서 추정. 원문 정답표가 아님.
23,5,그대로 버려둠,예) 고장난 차를 길가에 방치했다.,방치,170,W0170,170,24,그대로 버려둠,예) 고장난 차를 길가에 (    )했다.,170,방치,원문 형태 유지·사전 전수검증 전,방치,170,,한자어 중심(잠정),생활·학습 기초,A: 생활 맥락으로 시작,편집 초안; 학년 규준이 아님. 진단과 교사 검수로 조정,,사전·교사 검수 전,방치,학습/빈칸 문장 대조에서 추정. 원문 정답표가 아님.
23,6,세상에 좀처럼 나타나지 않는 뛰어남,예) 불세출의 영웅이 나타나다,불세출,171,W0171,171,24,세상에 좀처럼 나타나지 않는 뛰어남,예) (  )의 영웅이 나타나다,171,불세출,원문 형태 유지·사전 전수검증 전,불세출,171,,한자어 중심(잠정),문학·묘사·관용,B: 묘사·관용으로 확장,편집 초안; 학년 규준이 아님. 진단과 교사 검수로 조정,,사전·교사 검수 전,불세출,학습/빈칸 문장 대조에서 추정. 원문 정답표가 아님.
23,7,겉은 비슷하나 속은 완전히 가짜임,예) 그는 사이비 종교에 빠졌다,사이비,172,W0172,172,24,겉은 비슷하나 속은 완전히 가짜임,예) 그는 (  ) 종교에 빠졌다,172,사이비,원문 형태 유지·사전 전수검증 전,사이비,172,,한자어 중심(잠정),추상·사회·전문,C: 추상·전문 의미 확장,편집 초안; 학년 규준이 아님. 진단과 교사 검수로 조정,,사전·교사 검수 전,사이비,학습/빈칸 문장 대조에서 추정. 원문 정답표가 아님.
23,8,샅샅이 더듬어서 조사,예) 바다 속을 탐사하다.,탐사,173,W0173,173,24,샅샅이 더듬어서 조사,예) 바다 속을 (   )하다.,173,탐사,원문 형태 유지·사전 전수검증 전,탐사,173,,한자어 중심(잠정),추상·사회·전문,C: 추상·전문 의미 확장,편집 초안; 학년 규준이 아님. 진단과 교사 검수로 조정,,사전·교사 검수 전,탐사,학습/빈칸 문장 대조에서 추정. 원문 정답표가 아님.
23,9,내버려 두어 거친 땅,예) 문화의 불모지를 개척하다,불모지,174,W0174,174,24,내버려 두어 거친 땅,예) 문화의 (  )를 개척하다,174,불모지,원문 형태 유지·사전 전수검증 전,불모지,174,,한자어 중심(잠정),추상·사회·전문,C: 추상·전문 의미 확장,편집 초안; 학년 규준이 아님. 진단과 교사 검수로 조정,I040,검수대기,불모지,학습/빈칸 문장 대조에서 추정. 원문 정답표가 아님.
23,10,자신 공로를 스스로 자랑함,예) 나는 공치사를 늘어놓다,공치사,175,W0175,175,24,자신 공로를 스스로 자랑함,예) 나는 (  )를 늘어놓다,175,공치사,원문 형태 유지·사전 전수검증 전,공치사,175,,한자어 중심(잠정),문학·묘사·관용,B: 묘사·관용으로 확장,편집 초안; 학년 규준이 아님. 진단과 교사 검수로 조정,,사전·교사 검수 전,공치사,학습/빈칸 문장 대조에서 추정. 원문 정답표가 아님.
23,11,예측이나 화살이 과녁에 맞아떨어짐,예) 일기예보가 오차도 없이 적중했다,적중하다,176,W0176,176,24,예측이나 화살이 과녁에 맞아떨어짐,예) 일기예보가 오차도 없이 (  )했다,176,적중하다,원문 형태 유지·사전 전수검증 전,적중,176,,한자어 중심(잠정),생활·학습 기초,A: 생활 맥락으로 시작,편집 초안; 학년 규준이 아님. 진단과 교사 검수로 조정,,사전·교사 검수 전,적중,학습/빈칸 문장 대조에서 추정. 원문 정답표가 아님.
23,12,여건이나 상태가 갑자기 변함,예) 날씨가 급변하더니 비가 온다,급변하다,177,W0177,177,24,여건이나 상태가 갑자기 변함,예) 날씨가 (   )하더니 비가 온다,177,급변하다,원문 형태 유지·사전 전수검증 전,급변,177,,한자어 중심(잠정),생활·학습 기초,A: 생활 맥락으로 시작,편집 초안; 학년 규준이 아님. 진단과 교사 검수로 조정,,사전·교사 검수 전,급변,학습/빈칸 문장 대조에서 추정. 원문 정답표가 아님.
23,13,못 쓰게 된 것을 버림.,예) 건축 폐기물이 심각하다,폐기하다,178,W0178,178,24,못 쓰게 된 것을 버림.,예) 건축 (   )물이 심각하다,178,폐기하다,원문 형태 유지·사전 전수검증 전,폐기,178,,한자어 중심(잠정),생활·학습 기초,A: 생활 맥락으로 시작,편집 초안; 학년 규준이 아님. 진단과 교사 검수로 조정,I041,검수대기,폐기,학습/빈칸 문장 대조에서 추정. 원문 정답표가 아님.
23,14,의견이나 조건이 정확하게 일치,예) 이해관계가 합치하여 계약이  성사됐다,합치하다,179,W0179,179,24,의견이나 조건이 정확하게 일치,예) 이해관계가 (   )하여 계약이  성사됐다,179,합치하다,원문 형태 유지·사전 전수검증 전,합치,179,,한자어 중심(잠정),추상·사회·전문,C: 추상·전문 의미 확장,편집 초안; 학년 규준이 아님. 진단과 교사 검수로 조정,,사전·교사 검수 전,합치,학습/빈칸 문장 대조에서 추정. 원문 정답표가 아님.
23,15,신청서나 서류 등을 받다,예) 오늘 마감이니 원서를 접수해라,접수하다,180,W0180,180,24,신청서나 서류 등을 받다,예) 오늘 마감이니 원서를 (  )해라,180,접수하다,원문 형태 유지·사전 전수검증 전,접수,180,,한자어 중심(잠정),생활·학습 기초,A: 생활 맥락으로 시작,편집 초안; 학년 규준이 아님. 진단과 교사 검수로 조정,,사전·교사 검수 전,접수,학습/빈칸 문장 대조에서 추정. 원문 정답표가 아님.
25,1,밤낮,예) 주야로 공부하더니 합격했다,주야,181,W0181,181,26,밤낮,예) (   )로 공부하더니 합격했다,181,주야,원문 형태 유지·사전 전수검증 전,주야,181,,한자어 중심(잠정),문학·묘사·관용,B: 묘사·관용으로 확장,편집 초안; 학년 규준이 아님. 진단과 교사 검수로 조정,,사전·교사 검수 전,주야,학습/빈칸 문장 대조에서 추정. 원문 정답표가 아님.
25,2,기다리던 바로 그때,예) 내가 고대하던 소식이 왔다,고대하다,182,W0182,182,26,기다리던 바로 그때,예) 내가 (   )하던 소식이 왔다,182,고대하다,원문 형태 유지·사전 전수검증 전,고대,182,,한자어 중심(잠정),생활·학습 기초,A: 생활 맥락으로 시작,편집 초안; 학년 규준이 아님. 진단과 교사 검수로 조정,I042,검수대기,고대,학습/빈칸 문장 대조에서 추정. 원문 정답표가 아님.
25,3,모든 면을 세심하게,예) 나는 곰곰 생각에 잠기다,곰곰,183,W0183,183,26,모든 면을 세심하게,예) 나는 (   ) 생각에 잠기다,183,곰곰,원문 형태 유지·사전 전수검증 전,곰곰,183,,고유어 중심,생활·학습 기초,A: 생활 맥락으로 시작,편집 초안; 학년 규준이 아님. 진단과 교사 검수로 조정,,사전·교사 검수 전,곰곰,학습/빈칸 문장 대조에서 추정. 원문 정답표가 아님.
25,4,오죽하면 그렇게까지,예) 언니가 여북하면 그랬겠니?,여북,184,W0184,184,26,오죽하면 그렇게까지,예) 언니가 (   )하면 그랬겠니?,184,여북,원문 형태 유지·사전 전수검증 전,여북,184,,고유어 중심,문학·묘사·관용,B: 묘사·관용으로 확장,편집 초안; 학년 규준이 아님. 진단과 교사 검수로 조정,,사전·교사 검수 전,여북,학습/빈칸 문장 대조에서 추정. 원문 정답표가 아님.
25,5,물이 말라 없어짐.,예) 가뭄이라 지하수조차 고갈되었다,고갈,185,W0185,185,26,물이 말라 없어짐.,예) 가뭄이라 지하수조차 (    )되었다,185,고갈,원문 형태 유지·사전 전수검증 전,고갈,185,,한자어 중심(잠정),추상·사회·전문,C: 추상·전문 의미 확장,편집 초안; 학년 규준이 아님. 진단과 교사 검수로 조정,,사전·교사 검수 전,고갈,학습/빈칸 문장 대조에서 추정. 원문 정답표가 아님.
25,6,금의 순도를 판정하는 데 쓰는 돌,예) 이것이 성공을 가를 시금석이다,시금석,186,W0186,186,26,금의 순도를 판정하는 데 쓰는 돌,예) 이것이 성공을 가를 (  )이다,186,시금석,원문 형태 유지·사전 전수검증 전,시금석,186,,한자어 중심(잠정),문학·묘사·관용,B: 묘사·관용으로 확장,편집 초안; 학년 규준이 아님. 진단과 교사 검수로 조정,,사전·교사 검수 전,시금석,학습/빈칸 문장 대조에서 추정. 원문 정답표가 아님.
25,7,서로 마음이 통함,예) 서로 눈만 보아도 교감이 가능하다,교감,187,W0187,187,26,서로 마음이 통함,예) 서로 눈만 보아도 (   )이 가능하다,187,교감,원문 형태 유지·사전 전수검증 전,교감,187,,한자어 중심(잠정),생활·학습 기초,A: 생활 맥락으로 시작,편집 초안; 학년 규준이 아님. 진단과 교사 검수로 조정,,사전·교사 검수 전,교감,학습/빈칸 문장 대조에서 추정. 원문 정답표가 아님.
25,8,보기 드물고 소중한 풍경,예) 눈앞에 진풍경이 펼쳐졌다,진풍경,188,W0188,188,26,보기 드물고 소중한 풍경,예) 눈앞에 (   )이 펼쳐졌다,188,진풍경,원문 형태 유지·사전 전수검증 전,진풍경,188,,한자어 중심(잠정),문학·묘사·관용,B: 묘사·관용으로 확장,편집 초안; 학년 규준이 아님. 진단과 교사 검수로 조정,,사전·교사 검수 전,진풍경,학습/빈칸 문장 대조에서 추정. 원문 정답표가 아님.
25,9,마음이 맑고 깨끗한 모범적 관리,예) 그는 조선의 청백리다,청백리,189,W0189,189,26,마음이 맑고 깨끗한 모범적 관리,예) 그는 조선의 (   )다,189,청백리,원문 형태 유지·사전 전수검증 전,청백리,189,,한자어 중심(잠정),문학·묘사·관용,B: 묘사·관용으로 확장,편집 초안; 학년 규준이 아님. 진단과 교사 검수로 조정,,사전·교사 검수 전,청백리,학습/빈칸 문장 대조에서 추정. 원문 정답표가 아님.
25,10,다함이 없이 엄청나게 많음,예) 지하자원이 무진장 매장되어 있다,무진장,190,W0190,190,26,다함이 없이 엄청나게 많음,예) 지하자원이 (   ) 매장되어 있다,190,무진장,원문 형태 유지·사전 전수검증 전,무진장,190,,한자어 중심(잠정),문학·묘사·관용,B: 묘사·관용으로 확장,편집 초안; 학년 규준이 아님. 진단과 교사 검수로 조정,,사전·교사 검수 전,무진장,학습/빈칸 문장 대조에서 추정. 원문 정답표가 아님.
25,11,겉으로 드러난 면,예) 표면만 보고는 속을 알 수가 없다,표면,191,W0191,191,26,겉으로 드러난 면,예) (   )만 보고는 속을 알 수가 없다,191,표면,원문 형태 유지·사전 전수검증 전,표면,191,,한자어 중심(잠정),생활·학습 기초,A: 생활 맥락으로 시작,편집 초안; 학년 규준이 아님. 진단과 교사 검수로 조정,,사전·교사 검수 전,표면,학습/빈칸 문장 대조에서 추정. 원문 정답표가 아님.
25,12,죽을 지경에 이름.,예) 이번 실수는 선수로서 치명적이다,치명적,192,W0192,192,26,죽을 지경에 이름.,예) 이번 실수는 선수로서 (      )이다,192,치명적,원문 형태 유지·사전 전수검증 전,치명적,192,,한자어 중심(잠정),추상·사회·전문,C: 추상·전문 의미 확장,편집 초안; 학년 규준이 아님. 진단과 교사 검수로 조정,I043,검수대기,치명적,학습/빈칸 문장 대조에서 추정. 원문 정답표가 아님.
25,13,한창 성함.,예) 한창 혈기 왕성할 때 병애 걸렸다,왕성한,193,W0193,193,26,한창 성함.,예) 한창 혈기 왕성할 때 병애 걸렸다,193,왕성하다,제안·국립국어원 표제/품사 검수 필요,왕성,193,,한자어 중심(잠정),추상·사회·전문,C: 추상·전문 의미 확장,편집 초안; 학년 규준이 아님. 진단과 교사 검수로 조정,I022;I063,검수대기,,원문 정답표 없음; 불일치 또는 빈칸누락·문장변경으로 교사 지정 필요
25,14,주는 돈이나 물품을 받다,예) 오늘 운전 면허증을 수령했다,수령하다,194,W0194,194,26,주는 돈이나 물품을 받다,예) 오늘 운전 면허증을 (    )했다,194,수령하다,원문 형태 유지·사전 전수검증 전,수령,194,,한자어 중심(잠정),생활·학습 기초,A: 생활 맥락으로 시작,편집 초안; 학년 규준이 아님. 진단과 교사 검수로 조정,,사전·교사 검수 전,수령,학습/빈칸 문장 대조에서 추정. 원문 정답표가 아님.
25,15,"손님, 귀빈을 정중하게 맞이하다",예) 외교관이 국가 원수를 영접했다,영접하다,195,W0195,195,26,"손님, 귀빈을 정중하게 맞이하다",예) 외교관이 국가 원수를 (   )했다,195,영접하다,원문 형태 유지·사전 전수검증 전,영접,195,,한자어 중심(잠정),추상·사회·전문,C: 추상·전문 의미 확장,편집 초안; 학년 규준이 아님. 진단과 교사 검수로 조정,,사전·교사 검수 전,영접,학습/빈칸 문장 대조에서 추정. 원문 정답표가 아님.
27,1,어떤 일에 끼어듦,예) 내가 개입할 문제가 아니다.,개입,196,W0196,196,28,어떤 일에 끼어듦,예) 내가 (   )할 문제가 아니다.,196,개입,원문 형태 유지·사전 전수검증 전,개입,196,,한자어 중심(잠정),추상·사회·전문,C: 추상·전문 의미 확장,편집 초안; 학년 규준이 아님. 진단과 교사 검수로 조정,,사전·교사 검수 전,개입,학습/빈칸 문장 대조에서 추정. 원문 정답표가 아님.
27,2,사람이나 동물 등이 떼 지어 한곳에 모임,예) 웅덩이에 모기떼가 군집해있다,군집,197,W0197,197,28,사람이나 동물 등이 떼 지어 한곳에 모임,예) 웅덩이에 모기떼가 (   )해있다,197,군집,원문 형태 유지·사전 전수검증 전,군집,197,,한자어 중심(잠정),추상·사회·전문,C: 추상·전문 의미 확장,편집 초안; 학년 규준이 아님. 진단과 교사 검수로 조정,,사전·교사 검수 전,군집,학습/빈칸 문장 대조에서 추정. 원문 정답표가 아님.
27,3,감독하여 살핌,예) 산하 기관을 감찰하다,감찰,198,W0198,198,28,감독하여 살핌,예) 산하 기관을 (   )하다,198,감찰,원문 형태 유지·사전 전수검증 전,감찰,198,,한자어 중심(잠정),추상·사회·전문,C: 추상·전문 의미 확장,편집 초안; 학년 규준이 아님. 진단과 교사 검수로 조정,,사전·교사 검수 전,감찰,학습/빈칸 문장 대조에서 추정. 원문 정답표가 아님.
27,4,물에 빠져 잠김. 물속에 가라앉음,예) 유조선이 침몰했다,침몰,199,W0199,199,28,물에 빠져 잠김. 물속에 가라앉음,예) 유조선이 (   )했다,199,침몰,원문 형태 유지·사전 전수검증 전,침몰,199,,한자어 중심(잠정),추상·사회·전문,C: 추상·전문 의미 확장,편집 초안; 학년 규준이 아님. 진단과 교사 검수로 조정,,사전·교사 검수 전,침몰,학습/빈칸 문장 대조에서 추정. 원문 정답표가 아님.
27,5,애착을 가지고 씀. 즐겨 씀,예) 내가 애용하는 샤프이다,애용하다,200,W0200,200,28,애착을 가지고 씀. 즐겨 씀,예) 내가 (    )하는 샤프이다,200,애용하다,원문 형태 유지·사전 전수검증 전,애용,200,,한자어 중심(잠정),생활·학습 기초,A: 생활 맥락으로 시작,편집 초안; 학년 규준이 아님. 진단과 교사 검수로 조정,,사전·교사 검수 전,애용,학습/빈칸 문장 대조에서 추정. 원문 정답표가 아님.
27,6,서로 맞서 겨룸,예) 치열한 경합을 벌이다,경합,201,W0201,201,28,서로 맞서 겨룸,예) 치열한 (   )을 벌이다,201,경합,원문 형태 유지·사전 전수검증 전,경합,201,,한자어 중심(잠정),추상·사회·전문,C: 추상·전문 의미 확장,편집 초안; 학년 규준이 아님. 진단과 교사 검수로 조정,,사전·교사 검수 전,경합,학습/빈칸 문장 대조에서 추정. 원문 정답표가 아님.
27,7,하늘과 땅이 아직 나뉘지 않은 상태,예) 정치적인 혼돈 상태.,혼돈,202,W0202,202,28,하늘과 땅이 아직 나뉘지 않은 상태,예) 정치적인 (   ) 상태,202,혼돈,원문 형태 유지·사전 전수검증 전,혼돈,202,,한자어 중심(잠정),추상·사회·전문,C: 추상·전문 의미 확장,편집 초안; 학년 규준이 아님. 진단과 교사 검수로 조정,I044,검수대기,혼돈,학습/빈칸 문장 대조에서 추정. 원문 정답표가 아님.
27,8,어지럽게 함부로 들어가거나 들어옴,예) 시위대가 의사당에 난입하다,난입하다,203,W0203,203,28,어지럽게 함부로 들어가거나 들어옴,예) 시위대가 의사당에 (      ),203,난입하다,원문 형태 유지·사전 전수검증 전,난입,203,,한자어 중심(잠정),추상·사회·전문,C: 추상·전문 의미 확장,편집 초안; 학년 규준이 아님. 진단과 교사 검수로 조정,,사전·교사 검수 전,난입하다,학습/빈칸 문장 대조에서 추정. 원문 정답표가 아님.
27,9,조건에 맞는 사람이나 사물을 뽑아서 모음,예)  회원을 모집하다,모집,204,W0204,204,28,조건에 맞는 사람이나 사물을 뽑아서 모음,예)  회원을 (   )하다,204,모집,원문 형태 유지·사전 전수검증 전,모집,204,,한자어 중심(잠정),생활·학습 기초,A: 생활 맥락으로 시작,편집 초안; 학년 규준이 아님. 진단과 교사 검수로 조정,,사전·교사 검수 전,모집,학습/빈칸 문장 대조에서 추정. 원문 정답표가 아님.
27,10,어떤 것을 깊이 생각하고 연구함,예) 역사적으로 고찰되어야 할 문제,고찰,205,W0205,205,28,어떤 것을 깊이 생각하고 연구함,예) 역사적으로 (   )되어야 할 문제,205,고찰,원문 형태 유지·사전 전수검증 전,고찰,205,,한자어 중심(잠정),추상·사회·전문,C: 추상·전문 의미 확장,편집 초안; 학년 규준이 아님. 진단과 교사 검수로 조정,,사전·교사 검수 전,고찰,학습/빈칸 문장 대조에서 추정. 원문 정답표가 아님.
27,11,걱정·근심 따위로 우울함,예) 표정이 침울해 보인다,침울하다,206,W0206,206,28,걱정·근심 따위로 우울함,예) 표정이 (   )해 보인다,206,침울하다,원문 형태 유지·사전 전수검증 전,침울,206,,한자어 중심(잠정),추상·사회·전문,C: 추상·전문 의미 확장,편집 초안; 학년 규준이 아님. 진단과 교사 검수로 조정,,사전·교사 검수 전,침울,학습/빈칸 문장 대조에서 추정. 원문 정답표가 아님.
27,12,돈이나 물건을 은행에 맡김,예) 은행에 공탁한 돈을 찾아왔다,공탁,207,W0207,207,28,돈이나 물건을 은행에 맡김,예) 은행에 (   )한 돈을 찾아왔다,207,공탁,원문 형태 유지·사전 전수검증 전,공탁,207,,한자어 중심(잠정),추상·사회·전문,C: 추상·전문 의미 확장,편집 초안; 학년 규준이 아님. 진단과 교사 검수로 조정,I045,검수대기,공탁,학습/빈칸 문장 대조에서 추정. 원문 정답표가 아님.
27,13,서로 의논해서 합의함,예) 담합해서 해결했다,담합하다,208,W0208,208,28,서로 의논해서 합의함,예) (   )해서 해결했다,208,담합하다,원문 형태 유지·사전 전수검증 전,담합,208,,한자어 중심(잠정),추상·사회·전문,C: 추상·전문 의미 확장,편집 초안; 학년 규준이 아님. 진단과 교사 검수로 조정,I046,검수대기,담합,학습/빈칸 문장 대조에서 추정. 원문 정답표가 아님.
27,14,정신이 헛갈리고 흐리멍덩함,예) 갑자기 정신이 혼미해졌다,혼미,209,W0209,209,28,정신이 헛갈리고 흐리멍덩함,예) 갑자기 정신이 (    )해졌다,209,혼미,원문 형태 유지·사전 전수검증 전,혼미,209,,한자어 중심(잠정),추상·사회·전문,C: 추상·전문 의미 확장,편집 초안; 학년 규준이 아님. 진단과 교사 검수로 조정,,사전·교사 검수 전,혼미,학습/빈칸 문장 대조에서 추정. 원문 정답표가 아님.
27,15,끌어들임,예) 새로운 기술을 도입했다,도입,210,W0210,210,28,끌어들임,예) 새로운 기술을 (   )했다,210,도입,원문 형태 유지·사전 전수검증 전,도입,210,,한자어 중심(잠정),생활·학습 기초,A: 생활 맥락으로 시작,편집 초안; 학년 규준이 아님. 진단과 교사 검수로 조정,,사전·교사 검수 전,도입,학습/빈칸 문장 대조에서 추정. 원문 정답표가 아님.
29,1,깊이 파고들거나 빠짐,예) 연구에 몰입하다,몰입,211,W0211,211,30,깊이 파고들거나 빠짐,예) 연구에 (   )하다,211,몰입,원문 형태 유지·사전 전수검증 전,몰입,211,,한자어 중심(잠정),생활·학습 기초,A: 생활 맥락으로 시작,편집 초안; 학년 규준이 아님. 진단과 교사 검수로 조정,,사전·교사 검수 전,몰입,학습/빈칸 문장 대조에서 추정. 원문 정답표가 아님.
29,2,불태워 없애버림,예)쓰레기를 소각해서 벌금을 냈다,소각,212,W0212,212,30,불태워 없애버림,예)쓰레기를 (   )해서 벌금을 냈다,212,소각,원문 형태 유지·사전 전수검증 전,소각,212,,한자어 중심(잠정),추상·사회·전문,C: 추상·전문 의미 확장,편집 초안; 학년 규준이 아님. 진단과 교사 검수로 조정,,사전·교사 검수 전,소각,학습/빈칸 문장 대조에서 추정. 원문 정답표가 아님.
29,3,여러 곳을 돌아다니며 사정을 살핌,예) 밤거리를 순찰하다,순찰하다,213,W0213,213,30,여러 곳을 돌아다니며 사정을 살핌,예) 밤거리를 (   )하다,213,순찰하다,원문 형태 유지·사전 전수검증 전,순찰,213,,한자어 중심(잠정),생활·학습 기초,A: 생활 맥락으로 시작,편집 초안; 학년 규준이 아님. 진단과 교사 검수로 조정,,사전·교사 검수 전,순찰,학습/빈칸 문장 대조에서 추정. 원문 정답표가 아님.
29,4,행동이 들뜨지 않고 차분함,예) 침착하게 처리하다,침착한,214,W0214,214,30,행동이 들뜨지 않고 차분함,예) (   )하게 처리하다,214,침착하다,제안·국립국어원 표제/품사 검수 필요,침착,214,,한자어 중심(잠정),생활·학습 기초,A: 생활 맥락으로 시작,편집 초안; 학년 규준이 아님. 진단과 교사 검수로 조정,,사전·교사 검수 전,침착,학습/빈칸 문장 대조에서 추정. 원문 정답표가 아님.
29,5,영광스러운 명예,예) 수석 합격의 영예를 누렸다,영예,215,W0215,215,30,영광스러운 명예,예) 수석 합격의 (   )를 누렸다,215,영예,원문 형태 유지·사전 전수검증 전,영예,215,,한자어 중심(잠정),추상·사회·전문,C: 추상·전문 의미 확장,편집 초안; 학년 규준이 아님. 진단과 교사 검수로 조정,,사전·교사 검수 전,영예,학습/빈칸 문장 대조에서 추정. 원문 정답표가 아님.
29,6,좋지 못한 목적으로 서로 어울림,예) 정치권이 재벌과 야합하다,야합하다,216,W0216,216,30,좋지 못한 목적으로 서로 어울림,예) 정치권이 재벌과 (   )하다,216,야합하다,원문 형태 유지·사전 전수검증 전,야합,216,,한자어 중심(잠정),추상·사회·전문,C: 추상·전문 의미 확장,편집 초안; 학년 규준이 아님. 진단과 교사 검수로 조정,,사전·교사 검수 전,야합,학습/빈칸 문장 대조에서 추정. 원문 정답표가 아님.
29,7,한데 뒤섞여서 어수선함,예) 폭설로 교통 혼잡이 일어났다,혼잡한,217,W0217,217,30,한데 뒤섞여서 어수선함,예) 폭설로 교통 (   )이 일어났다,217,혼잡하다,제안·국립국어원 표제/품사 검수 필요,혼잡,217,,한자어 중심(잠정),생활·학습 기초,A: 생활 맥락으로 시작,편집 초안; 학년 규준이 아님. 진단과 교사 검수로 조정,,사전·교사 검수 전,혼잡,학습/빈칸 문장 대조에서 추정. 원문 정답표가 아님.
29,8,운반하여 들여옴,예) 반입이 줄면서 값이 크게 올랐다,반입하다,218,W0218,218,30,운반하여 들여옴,예) (   )이 줄면서 값이 크게 올랐다,218,반입하다,원문 형태 유지·사전 전수검증 전,반입,218,,한자어 중심(잠정),생활·학습 기초,A: 생활 맥락으로 시작,편집 초안; 학년 규준이 아님. 진단과 교사 검수로 조정,,사전·교사 검수 전,반입,학습/빈칸 문장 대조에서 추정. 원문 정답표가 아님.
29,9,구름처럼 모인다는 뜻,예) 시청 앞에 운집한 사람들,운집하다,219,W0219,219,30,구름처럼 모인다는 뜻,예) 시청 앞에 (   )한 사람들,219,운집하다,원문 형태 유지·사전 전수검증 전,운집,219,,한자어 중심(잠정),추상·사회·전문,C: 추상·전문 의미 확장,편집 초안; 학년 규준이 아님. 진단과 교사 검수로 조정,,사전·교사 검수 전,운집,학습/빈칸 문장 대조에서 추정. 원문 정답표가 아님.
29,10,전체를 환하게 내다봄,예) 국제경제에 관한 통찰력이 생김,통찰,220,W0220,220,30,전체를 환하게 내다봄,예) 경제에 관한 (   )력이 생김,220,통찰,원문 형태 유지·사전 전수검증 전,통찰,220,,한자어 중심(잠정),추상·사회·전문,C: 추상·전문 의미 확장,편집 초안; 학년 규준이 아님. 진단과 교사 검수로 조정,,사전·교사 검수 전,,원문 정답표 없음; 불일치 또는 빈칸누락·문장변경으로 교사 지정 필요
29,11,진전하지 못하고 제자리에 머무름,예) 침체의 늪에 빠지다,침체,221,W0221,221,30,진전하지 못하고 제자리에 머무름,예) (   )의 늪에 빠지다,221,침체,원문 형태 유지·사전 전수검증 전,침체,221,,한자어 중심(잠정),추상·사회·전문,C: 추상·전문 의미 확장,편집 초안; 학년 규준이 아님. 진단과 교사 검수로 조정,,사전·교사 검수 전,침체,학습/빈칸 문장 대조에서 추정. 원문 정답표가 아님.
29,12,여러 종류의 것이 녹아서 하나로 합침,예) 산소와 수소가 용합되어 물이 된다,융합,222,W0222,222,30,여러 종류의 것이 녹아서 하나로 합침,예) 산소와 수소가 (   )되어 물이 된다,222,융합,원문 형태 유지·사전 전수검증 전,융합,222,,한자어 중심(잠정),추상·사회·전문,C: 추상·전문 의미 확장,편집 초안; 학년 규준이 아님. 진단과 교사 검수로 조정,I023;I047,검수대기,용합,학습/빈칸 문장 대조에서 추정. 원문 정답표가 아님.
29,13,격이 낮고 속됨,예) 비속한 말씨,비속,223,W0223,223,30,격이 낮고 속됨,예) (   )한 말씨,223,비속,원문 형태 유지·사전 전수검증 전,비속,223,,한자어 중심(잠정),추상·사회·전문,C: 추상·전문 의미 확장,편집 초안; 학년 규준이 아님. 진단과 교사 검수로 조정,,사전·교사 검수 전,비속,학습/빈칸 문장 대조에서 추정. 원문 정답표가 아님.
29,14,입으로 말함,예) 비서에게 편지를 구술하다,구술,224,W0224,224,30,입으로 말함,예) 비서에게 편지를 (   )하다,224,구술,원문 형태 유지·사전 전수검증 전,구술,224,,한자어 중심(잠정),생활·학습 기초,A: 생활 맥락으로 시작,편집 초안; 학년 규준이 아님. 진단과 교사 검수로 조정,,사전·교사 검수 전,구술,학습/빈칸 문장 대조에서 추정. 원문 정답표가 아님.
29,15,함께 일을 하거나 공동 책임을 지는 일,예) 국제적 연대를 강화해 나가다,연대,225,W0225,225,30,함께 일을 하거나 공동 책임을 지는 일,예) 국제적 (   )를 강화해 나가다,225,연대,원문 형태 유지·사전 전수검증 전,연대,225,,한자어 중심(잠정),생활·학습 기초,A: 생활 맥락으로 시작,편집 초안; 학년 규준이 아님. 진단과 교사 검수로 조정,,사전·교사 검수 전,연대,학습/빈칸 문장 대조에서 추정. 원문 정답표가 아님.
31,1,장례 때 쓰는 얼굴을 찍은 사진,예) 고인 영정 사진이 조문객들을 맞이함,영정사진,266,W0226,226,32,장례 때 쓰는 얼굴을 찍은 사진,예) 고인 (      )이 조문객들을 맞이함,266,영정 사진,제안·국립국어원 표제/품사 검수 필요,영정 사진,266,,한자어 중심(잠정),추상·사회·전문,C: 추상·전문 의미 확장,편집 초안; 학년 규준이 아님. 진단과 교사 검수로 조정,,사전·교사 검수 전,영정사진,학습/빈칸 문장 대조에서 추정. 원문 정답표가 아님.
31,2,고개나 몸을 한쪽으로 기울이다,예) 고개를 갸웃 숙이다,갸웃하다,267,W0227,227,32,고개나 몸을 한쪽으로 기울이다,예) 고개를 (    ) 숙이다,267,갸웃하다,원문 형태 유지·사전 전수검증 전,갸웃,267,,고유어 중심,생활·학습 기초,A: 생활 맥락으로 시작,편집 초안; 학년 규준이 아님. 진단과 교사 검수로 조정,,사전·교사 검수 전,갸웃,학습/빈칸 문장 대조에서 추정. 원문 정답표가 아님.
31,3,힘차게 거침이 없이 당당하게 말함,예) 그의 웅변으로 조용해졌다,웅변,268,W0228,228,32,힘차게 거침이 없이 당당하게 말함,예) 그의 (     )으로 조용해졌다,268,웅변,원문 형태 유지·사전 전수검증 전,웅변,268,,한자어 중심(잠정),문학·묘사·관용,B: 묘사·관용으로 확장,편집 초안; 학년 규준이 아님. 진단과 교사 검수로 조정,,사전·교사 검수 전,웅변,학습/빈칸 문장 대조에서 추정. 원문 정답표가 아님.
31,4,몸이 허약해서 병에 걸리기 쉬운,예) 병약한 신체 때문에 힘이 없다,병약한,269,W0229,229,32,몸이 허약해서 병에 걸리기 쉬운,예) (   )한 신체 때문에 힘이 없다,269,병약하다,제안·국립국어원 표제/품사 검수 필요,병약,269,,한자어 중심(잠정),추상·사회·전문,C: 추상·전문 의미 확장,편집 초안; 학년 규준이 아님. 진단과 교사 검수로 조정,,사전·교사 검수 전,병약,학습/빈칸 문장 대조에서 추정. 원문 정답표가 아님.
31,5,고요하고 엄숙하다.,예) 현충일은 언제나 숙연하다,숙연하다,270,W0230,230,32,고요하고 엄숙하다.,예) 현충일은 언제나 (    )하다,270,숙연하다,원문 형태 유지·사전 전수검증 전,숙연,270,,한자어 중심(잠정),문학·묘사·관용,B: 묘사·관용으로 확장,편집 초안; 학년 규준이 아님. 진단과 교사 검수로 조정,,사전·교사 검수 전,숙연,학습/빈칸 문장 대조에서 추정. 원문 정답표가 아님.
31,6,시간 간격을 두고 되풀이됨,예)　간헐적인 통증이 발생하다,간헐적,271,W0231,231,32,시간 간격을 두고 되풀이됨,예)　(   )인 통증이 발생하다,271,간헐적,원문 형태 유지·사전 전수검증 전,간헐적,271,,한자어 중심(잠정),추상·사회·전문,C: 추상·전문 의미 확장,편집 초안; 학년 규준이 아님. 진단과 교사 검수로 조정,,사전·교사 검수 전,간헐적,학습/빈칸 문장 대조에서 추정. 원문 정답표가 아님.
31,7,한바탕,예) 아침부터 엄마의 일장 훈계,일장,272,W0232,232,32,한바탕,예) 아침부터 엄마의 (    ) 훈계,272,일장,원문 형태 유지·사전 전수검증 전,일장,272,,한자어 중심(잠정),문학·묘사·관용,B: 묘사·관용으로 확장,편집 초안; 학년 규준이 아님. 진단과 교사 검수로 조정,,사전·교사 검수 전,일장,학습/빈칸 문장 대조에서 추정. 원문 정답표가 아님.
31,8,사리의 옳고 그름과 시비의 분간,예) 사건의 경위를 조사하다,경위,273,W0233,233,32,사리의 옳고 그름과 시비의 분간,예) 사건의 (  )를 조사하다,273,경위,원문 형태 유지·사전 전수검증 전,경위,273,,한자어 중심(잠정),추상·사회·전문,C: 추상·전문 의미 확장,편집 초안; 학년 규준이 아님. 진단과 교사 검수로 조정,I048,검수대기,경위,학습/빈칸 문장 대조에서 추정. 원문 정답표가 아님.
31,9,"사물의 본질, 원인을 연구하여 밝힘",예)　원인을 명확히 규명하다,규명,274,W0234,234,32,"사물의 본질, 원인을 연구하여 밝힘",예)　원인을 명확히 (  )하다,274,규명,원문 형태 유지·사전 전수검증 전,규명,274,,한자어 중심(잠정),추상·사회·전문,C: 추상·전문 의미 확장,편집 초안; 학년 규준이 아님. 진단과 교사 검수로 조정,,사전·교사 검수 전,규명,학습/빈칸 문장 대조에서 추정. 원문 정답표가 아님.
31,10,말이나 기술을 자유자재로 다룸,예)　외국어를 자유롭게 구사하다,구사하다,275,W0235,235,32,말이나 기술을 자유자재로 다룸,예)　외국어를 자유롭게 (  )하다,275,구사하다,원문 형태 유지·사전 전수검증 전,구사,275,,한자어 중심(잠정),추상·사회·전문,C: 추상·전문 의미 확장,편집 초안; 학년 규준이 아님. 진단과 교사 검수로 조정,,사전·교사 검수 전,구사,학습/빈칸 문장 대조에서 추정. 원문 정답표가 아님.
31,11,일을 맡겨 부탁함,예) 법률 고문으로 위촉하다,위촉,276,W0236,236,32,일을 맡겨 부탁함,예) 법률 고문으로 (  )하다,276,위촉,원문 형태 유지·사전 전수검증 전,위촉,276,,한자어 중심(잠정),추상·사회·전문,C: 추상·전문 의미 확장,편집 초안; 학년 규준이 아님. 진단과 교사 검수로 조정,,사전·교사 검수 전,위촉,학습/빈칸 문장 대조에서 추정. 원문 정답표가 아님.
31,12,건물이나 시설 따위를 세움,예) 도시 중심에 교량이 건설되다,건설,277,W0237,237,32,건물이나 시설 따위를 세움,예) 도시 중심에 교량이 (  )되다,277,건설,원문 형태 유지·사전 전수검증 전,건설,277,,한자어 중심(잠정),추상·사회·전문,C: 추상·전문 의미 확장,편집 초안; 학년 규준이 아님. 진단과 교사 검수로 조정,,사전·교사 검수 전,건설,학습/빈칸 문장 대조에서 추정. 원문 정답표가 아님.
31,13,수직으로 똑바로 서다,예)　인간은 두 발로 직립한다,직립하다,278,W0238,238,32,수직으로 똑바로 서다,예)　인간은 두 발로 (  )한다,278,직립하다,원문 형태 유지·사전 전수검증 전,직립,278,,한자어 중심(잠정),추상·사회·전문,C: 추상·전문 의미 확장,편집 초안; 학년 규준이 아님. 진단과 교사 검수로 조정,,사전·교사 검수 전,직립,학습/빈칸 문장 대조에서 추정. 원문 정답표가 아님.
31,14,처음 본 상황이나 장면이 이미 본  것같이 느껴지는 일.,예)골목길에서 묘한 기시감이들었다,기시감,279,W0239,239,32,처음 본 상황이나 장면이 이미  경험하거나 본 것처럼 느껴지는 일.,예)골목길에서 묘한 (    )이들었다,279,기시감,원문 형태 유지·사전 전수검증 전,기시감,279,,한자어 중심(잠정),문학·묘사·관용,B: 묘사·관용으로 확장,편집 초안; 학년 규준이 아님. 진단과 교사 검수로 조정,I024,검수대기,기시감,학습/빈칸 문장 대조에서 추정. 원문 정답표가 아님.
31,15,조심성이 지나치게 많은,예) 나는 소심한 성격이라 부끄럽다,소심한,280,W0240,240,32,조심성이 지나치게 많은,예) 나는 (    ) 성격이라 부끄럽다,280,소심하다,제안·국립국어원 표제/품사 검수 필요,소심,280,,한자어 중심(잠정),생활·학습 기초,A: 생활 맥락으로 시작,편집 초안; 학년 규준이 아님. 진단과 교사 검수로 조정,,사전·교사 검수 전,소심한,학습/빈칸 문장 대조에서 추정. 원문 정답표가 아님.
33,1,머리를 자꾸 낮추어 숙임,예) 머리를 깊이 조아리다,조아리다,281,W0241,241,34,머리를 자꾸 낮추어 숙임,예) 머리를 깊이 (     ),281,조아리다,원문 형태 유지·사전 전수검증 전,조아리다,281,,고유어 중심,문학·묘사·관용,B: 묘사·관용으로 확장,편집 초안; 학년 규준이 아님. 진단과 교사 검수로 조정,,사전·교사 검수 전,조아리다,학습/빈칸 문장 대조에서 추정. 원문 정답표가 아님.
33,2,땅속에 묻혀 있는 유적을 파냄.,예)　드디어 병마용갱을 발굴해냈다,발굴,282,W0242,242,34,재물를 몰래 훔치거나 독차지함,예)　딸기를 따는 대로 (     ),282,발굴,원문 형태 유지·사전 전수검증 전,발굴,282,,한자어 중심(잠정),추상·사회·전문,C: 추상·전문 의미 확장,편집 초안; 학년 규준이 아님. 진단과 교사 검수로 조정,I005,검수대기,,원문 정답표 없음; 불일치 또는 빈칸누락·문장변경으로 교사 지정 필요
33,3,뜻을 깊이 생각하며 되풀이함,예)　그가 한 말을 곱씹다,곱씹다,283,W0243,243,34,뜻을 깊이 생각하며 되풀이함,예)　그가 한 말을 (   ),283,곱씹다,원문 형태 유지·사전 전수검증 전,곱씹다,283,,고유어 중심,문학·묘사·관용,B: 묘사·관용으로 확장,편집 초안; 학년 규준이 아님. 진단과 교사 검수로 조정,,사전·교사 검수 전,곱씹다,학습/빈칸 문장 대조에서 추정. 원문 정답표가 아님.
33,4,땅이 걸고 기름짐,예) 시골은 아직도 비옥한 토지이다,비옥한,284,W0244,244,34,땅이 걸고 기름짐,예) 시골은 아직도(    ) 토지이다,284,비옥하다,제안·국립국어원 표제/품사 검수 필요,비옥,284,,한자어 중심(잠정),추상·사회·전문,C: 추상·전문 의미 확장,편집 초안; 학년 규준이 아님. 진단과 교사 검수로 조정,,사전·교사 검수 전,비옥한,학습/빈칸 문장 대조에서 추정. 원문 정답표가 아님.
33,5,재주가 뛰어난 사람.,예)　홍길동은 타고난 인재였다,인재,285,W0245,245,34,한 부분을 잘라 버림,예)　말을 뚝 (      ),285,인재,원문 형태 유지·사전 전수검증 전,인재,285,,한자어 중심(잠정),생활·학습 기초,A: 생활 맥락으로 시작,편집 초안; 학년 규준이 아님. 진단과 교사 검수로 조정,I006,검수대기,,원문 정답표 없음; 불일치 또는 빈칸누락·문장변경으로 교사 지정 필요
33,6,"사물의 밑바닥, 기초",예) 슬픔이 기저로 깔려있다,기저,286,W0246,246,34,"사물의 밑바닥, 기초",예)　불교 사상의 (   )를 이루다,286,기저,원문 형태 유지·사전 전수검증 전,기저,286,,한자어 중심(잠정),추상·사회·전문,C: 추상·전문 의미 확장,편집 초안; 학년 규준이 아님. 진단과 교사 검수로 조정,,사전·교사 검수 전,,원문 정답표 없음; 불일치 또는 빈칸누락·문장변경으로 교사 지정 필요
33,7,낮은 데서 위로 올라감.,예)　인기가 나날이 상승했다,상승,287,W0247,247,34,낮은 데서 위로 올라감.,예)　인기가 나날이 (   )했다,287,상승,원문 형태 유지·사전 전수검증 전,상승,287,,한자어 중심(잠정),생활·학습 기초,A: 생활 맥락으로 시작,편집 초안; 학년 규준이 아님. 진단과 교사 검수로 조정,,사전·교사 검수 전,상승,학습/빈칸 문장 대조에서 추정. 원문 정답표가 아님.
33,8,법안이나 지폐 등을 마구 발행함,예) 선거 공약을 남발하다,남발하다,288,W0248,248,34,법안이나 지폐 등을 마구 발행함,예) 선거 공약을 (   )하다,288,남발하다,원문 형태 유지·사전 전수검증 전,남발,288,,한자어 중심(잠정),추상·사회·전문,C: 추상·전문 의미 확장,편집 초안; 학년 규준이 아님. 진단과 교사 검수로 조정,,사전·교사 검수 전,남발,학습/빈칸 문장 대조에서 추정. 원문 정답표가 아님.
33,9,불행한 운명.,예) 비운의 여주인공,비운,289,W0249,249,34,불행한 운명.,예) (    )의 여주인공,289,비운,원문 형태 유지·사전 전수검증 전,비운,289,,한자어 중심(잠정),문학·묘사·관용,B: 묘사·관용으로 확장,편집 초안; 학년 규준이 아님. 진단과 교사 검수로 조정,,사전·교사 검수 전,비운,학습/빈칸 문장 대조에서 추정. 원문 정답표가 아님.
33,10,어떤 일에 정반대의 입장이 됨,예) 대척점에 서서 대립하다,대척,290,W0250,250,34,지구 반대편처럼 정반대의 입장,예) (   )점에 서서 대립하다,290,대척,원문 형태 유지·사전 전수검증 전,대척,290,,한자어 중심(잠정),추상·사회·전문,C: 추상·전문 의미 확장,편집 초안; 학년 규준이 아님. 진단과 교사 검수로 조정,,사전·교사 검수 전,대척,학습/빈칸 문장 대조에서 추정. 원문 정답표가 아님.
33,11,"나쁜 구습, 악패를 뿌리째 없애버림",예) 경찰이 범죄를 근절했다,근절하다,291,W0251,251,34,"나쁜 구습, 악패를 뿌리째 없앰",예) 경찰이 범죄를 (   )했다,291,근절하다,원문 형태 유지·사전 전수검증 전,근절,291,,한자어 중심(잠정),추상·사회·전문,C: 추상·전문 의미 확장,편집 초안; 학년 규준이 아님. 진단과 교사 검수로 조정,,사전·교사 검수 전,근절,학습/빈칸 문장 대조에서 추정. 원문 정답표가 아님.
33,12,정당한 이유 없이 내다 버림.,예)　반려동물을 거리에 유기했다,유기하다,292,W0252,252,34,정당한 이유 없이 내다 버림.,예)　반려동물을 거리에 (   )했다,292,유기하다,원문 형태 유지·사전 전수검증 전,유기,292,,한자어 중심(잠정),추상·사회·전문,C: 추상·전문 의미 확장,편집 초안; 학년 규준이 아님. 진단과 교사 검수로 조정,,사전·교사 검수 전,유기,학습/빈칸 문장 대조에서 추정. 원문 정답표가 아님.
33,13,하던 일을 도중에 그만둠,예)　선수들이 경기를 포기했다,포기,293,W0253,253,34,하던 일을 도중에 그만둠,예)　선수들이 경기를 (   )했다,293,포기,원문 형태 유지·사전 전수검증 전,포기,293,,한자어 중심(잠정),생활·학습 기초,A: 생활 맥락으로 시작,편집 초안; 학년 규준이 아님. 진단과 교사 검수로 조정,,사전·교사 검수 전,포기,학습/빈칸 문장 대조에서 추정. 원문 정답표가 아님.
33,14,"체면이나 명예, 물건 따위를 망침",예) 관람객이 문화재를 훼손했다,훼손하다,294,W0254,254,34,"체면이나 명예, 물건 따위를 망침",예) 관람객이 문화재를 (   )했다,294,훼손하다,원문 형태 유지·사전 전수검증 전,훼손,294,,한자어 중심(잠정),생활·학습 기초,A: 생활 맥락으로 시작,편집 초안; 학년 규준이 아님. 진단과 교사 검수로 조정,,사전·교사 검수 전,훼손,학습/빈칸 문장 대조에서 추정. 원문 정답표가 아님.
33,15,못 쓰게 된 것을 버림,예)　공장이 폐기물을 폐기했다,폐기하다,295,W0255,255,34,못 쓰게 된 것을 버림,예)　공장이 폐기물을 (   )했다,295,폐기하다,원문 형태 유지·사전 전수검증 전,폐기,295,,한자어 중심(잠정),생활·학습 기초,A: 생활 맥락으로 시작,편집 초안; 학년 규준이 아님. 진단과 교사 검수로 조정,,사전·교사 검수 전,폐기,학습/빈칸 문장 대조에서 추정. 원문 정답표가 아님.
35,1,낡은 사고방식에서 벗어남,예) 그런 사고에서 탈피 좀 해라,탈피,296,W0256,256,36,낡은 사고방식에서 벗어남,예) 그런 사고에서 탈피 좀 해라,296,탈피,원문 형태 유지·사전 전수검증 전,탈피,296,,한자어 중심(잠정),추상·사회·전문,C: 추상·전문 의미 확장,편집 초안; 학년 규준이 아님. 진단과 교사 검수로 조정,I064,검수대기,,원문 정답표 없음; 불일치 또는 빈칸누락·문장변경으로 교사 지정 필요
35,2,판단 없이 무조건 믿고 따름.,예) 권력에 추종하는 세력들,추종하다,297,W0257,257,36,판단 없이 무조건 믿고 따름.,예) 권력에 추종하는 세력들,297,추종하다,원문 형태 유지·사전 전수검증 전,추종,297,,한자어 중심(잠정),추상·사회·전문,C: 추상·전문 의미 확장,편집 초안; 학년 규준이 아님. 진단과 교사 검수로 조정,I065,검수대기,,원문 정답표 없음; 불일치 또는 빈칸누락·문장변경으로 교사 지정 필요
35,3,사실보다 지나치게 부풀림.,예) 과장 광고에 또 물건을 샀다,과장,298,W0258,258,36,사실보다 지나치게 부풀림.,예) 과장 광고에 또 물건을 샀다,298,과장,원문 형태 유지·사전 전수검증 전,과장,298,,한자어 중심(잠정),추상·사회·전문,C: 추상·전문 의미 확장,편집 초안; 학년 규준이 아님. 진단과 교사 검수로 조정,I066,검수대기,,원문 정답표 없음; 불일치 또는 빈칸누락·문장변경으로 교사 지정 필요
35,4,바람에 흔들려 가볍게 날림,예) 깃발이 바람에 나부끼다,나부끼다,299,W0259,259,36,바람에 흔들려 가볍게 날림,예) 깃발이 바람에 (      ),299,나부끼다,원문 형태 유지·사전 전수검증 전,나부끼다,299,,고유어 중심,생활·학습 기초,A: 생활 맥락으로 시작,편집 초안; 학년 규준이 아님. 진단과 교사 검수로 조정,,사전·교사 검수 전,나부끼다,학습/빈칸 문장 대조에서 추정. 원문 정답표가 아님.
35,5,일의 뒤끝을 맺어 끝냄,예) 마무리는 네가 알아서 해라,마무리,300,W0260,260,36,일의 뒤끝을 맺어 끝냄,예) (     )는 네가 알아서 해라,300,마무리,원문 형태 유지·사전 전수검증 전,마무리,300,,고유어 중심,생활·학습 기초,A: 생활 맥락으로 시작,편집 초안; 학년 규준이 아님. 진단과 교사 검수로 조정,,사전·교사 검수 전,마무리,학습/빈칸 문장 대조에서 추정. 원문 정답표가 아님.
35,6,어떤 범위에서 떨어져 나감,예) 그룹에서 이탈되면 안된다,이탈,301,W0261,261,36,어떤 범위에서 떨어져 나감,예) 그룹에서 (   )되면 안된다,301,이탈,원문 형태 유지·사전 전수검증 전,이탈,301,,한자어 중심(잠정),추상·사회·전문,C: 추상·전문 의미 확장,편집 초안; 학년 규준이 아님. 진단과 교사 검수로 조정,,사전·교사 검수 전,이탈,학습/빈칸 문장 대조에서 추정. 원문 정답표가 아님.
35,7,그물로 물고기를 잡듯 모두 포함,예) 모든 분야를 망라하다,망라,302,W0262,262,36,그물로 물고기를 잡듯 모두 포함,예) 모든 분야를 (  )하다,302,망라,원문 형태 유지·사전 전수검증 전,망라,302,,한자어 중심(잠정),추상·사회·전문,C: 추상·전문 의미 확장,편집 초안; 학년 규준이 아님. 진단과 교사 검수로 조정,,사전·교사 검수 전,망라,학습/빈칸 문장 대조에서 추정. 원문 정답표가 아님.
35,8,미처 생각이 미치지 못한 허점,예) 제도의 맹점을 파고들다,맹점,303,W0263,263,36,미처 생각이 미치지 못한 허점,예) 제도의 (  )을 파고들다,303,맹점,원문 형태 유지·사전 전수검증 전,맹점,303,,한자어 중심(잠정),추상·사회·전문,C: 추상·전문 의미 확장,편집 초안; 학년 규준이 아님. 진단과 교사 검수로 조정,,사전·교사 검수 전,맹점,학습/빈칸 문장 대조에서 추정. 원문 정답표가 아님.
35,9,들어가면 빠져나올 수 없게 된 곳,예) 사건이 미궁에 빠지다,미궁,304,W0264,264,36,들어가면 빠져나올 수 없게 된 곳,예) 사건이 (  )에 빠지다,304,미궁,원문 형태 유지·사전 전수검증 전,미궁,304,,한자어 중심(잠정),추상·사회·전문,C: 추상·전문 의미 확장,편집 초안; 학년 규준이 아님. 진단과 교사 검수로 조정,,사전·교사 검수 전,미궁,학습/빈칸 문장 대조에서 추정. 원문 정답표가 아님.
35,10,관련된 다른 일이 머리에 떠오르다,예) 가을 하면 단풍이 연상된다,연상,305,W0265,265,36,관련된 다른 일이 머리에 떠오르다,예) 가을 하면 단풍이 연상된다,305,연상,원문 형태 유지·사전 전수검증 전,연상,305,,한자어 중심(잠정),추상·사회·전문,C: 추상·전문 의미 확장,편집 초안; 학년 규준이 아님. 진단과 교사 검수로 조정,I067,검수대기,,원문 정답표 없음; 불일치 또는 빈칸누락·문장변경으로 교사 지정 필요
35,11,두 개 이상을 서로 견주어 봄,예) 제품 성능을 비교했다,비교하다,306,W0266,266,36,두 개 이상을 서로 견주어 봄,예) 제품 성능을 (    )했다,306,비교하다,원문 형태 유지·사전 전수검증 전,비교,306,,한자어 중심(잠정),생활·학습 기초,A: 생활 맥락으로 시작,편집 초안; 학년 규준이 아님. 진단과 교사 검수로 조정,,사전·교사 검수 전,비교,학습/빈칸 문장 대조에서 추정. 원문 정답표가 아님.
35,12,줄을 지어 늘어섬,예) 학생들이 두 줄로 정렬하다,정렬하다,307,W0267,267,36,줄을 지어 늘어섬,예) 학생들이 두 줄로 (    )하다,307,정렬하다,원문 형태 유지·사전 전수검증 전,정렬,307,,한자어 중심(잠정),추상·사회·전문,C: 추상·전문 의미 확장,편집 초안; 학년 규준이 아님. 진단과 교사 검수로 조정,,사전·교사 검수 전,정렬,학습/빈칸 문장 대조에서 추정. 원문 정답표가 아님.
35,13,여러 부품을 하나로 짜 모음,예) 기사가 가구를 조립했다,조립하다,308,W0268,268,36,여러 부품을 하나로 짜 모음,예) 기사가 가구를 (    )했다,308,조립하다,원문 형태 유지·사전 전수검증 전,조립,308,,한자어 중심(잠정),생활·학습 기초,A: 생활 맥락으로 시작,편집 초안; 학년 규준이 아님. 진단과 교사 검수로 조정,,사전·교사 검수 전,조립,학습/빈칸 문장 대조에서 추정. 원문 정답표가 아님.
35,14,다른 사람이나 사물로 바꿈.,예) 감독이 선수를 교체했다,교체,309,W0269,269,36,다른 사람이나 사물로 바꿈.,예) 감독이 선수를 (     )했다,309,교체,원문 형태 유지·사전 전수검증 전,교체,309,,한자어 중심(잠정),생활·학습 기초,A: 생활 맥락으로 시작,편집 초안; 학년 규준이 아님. 진단과 교사 검수로 조정,,사전·교사 검수 전,교체,학습/빈칸 문장 대조에서 추정. 원문 정답표가 아님.
35,15,"물품, 음식을 만들거나 보내 달라고 청함",예) 손님이 음식을 주문했다,주문하다,310,W0270,270,36,"물품, 음식을 만들거나 보내 달라고 청함",예) 손님이 음식을 (    )했다,310,주문하다,원문 형태 유지·사전 전수검증 전,주문,310,,한자어 중심(잠정),생활·학습 기초,A: 생활 맥락으로 시작,편집 초안; 학년 규준이 아님. 진단과 교사 검수로 조정,,사전·교사 검수 전,주문,학습/빈칸 문장 대조에서 추정. 원문 정답표가 아님.
37,1,지난 일을 돌이켜 생각함,예) 과거를 회상하니 후회된다,회상하다,311,W0271,271,38,지난 일을 돌이켜 생각함,예)과거를 (   )하니 후회된다,311,회상하다,원문 형태 유지·사전 전수검증 전,회상,311,,한자어 중심(잠정),생활·학습 기초,A: 생활 맥락으로 시작,편집 초안; 학년 규준이 아님. 진단과 교사 검수로 조정,,사전·교사 검수 전,회상,학습/빈칸 문장 대조에서 추정. 원문 정답표가 아님.
37,2,"장소, 주위를 떠나지 않고 돔",예) 미소가 입가에 감돌다,감돌다,312,W0272,272,38,"장소, 주위를 떠나지 않고 돔",예) 미소가 입가에 (    ),312,감돌다,원문 형태 유지·사전 전수검증 전,감돌다,312,,고유어 중심,문학·묘사·관용,B: 묘사·관용으로 확장,편집 초안; 학년 규준이 아님. 진단과 교사 검수로 조정,,사전·교사 검수 전,감돌다,학습/빈칸 문장 대조에서 추정. 원문 정답표가 아님.
37,3,어떤 시기나 기회가 닥쳐옴.,예) 새로운 시대가 도래했다,도래하다,313,W0273,273,38,어떤 시기나 기회가 닥쳐옴.,예) 새로운 시대가 (     )했다,313,도래하다,원문 형태 유지·사전 전수검증 전,도래,313,,한자어 중심(잠정),문학·묘사·관용,B: 묘사·관용으로 확장,편집 초안; 학년 규준이 아님. 진단과 교사 검수로 조정,,사전·교사 검수 전,도래,학습/빈칸 문장 대조에서 추정. 원문 정답표가 아님.
37,4,거칠게 내던지거나 내팽개침,예) 가방을 바닥에 내박치다,내박치다,314,W0274,274,38,거칠게 내던지거나 내팽개침,예) 가방을 바닥에 (      ),314,내박치다,원문 형태 유지·사전 전수검증 전,내박치다,314,,고유어 중심,문학·묘사·관용,B: 묘사·관용으로 확장,편집 초안; 학년 규준이 아님. 진단과 교사 검수로 조정,I059,검수대기,내박치다,학습/빈칸 문장 대조에서 추정. 원문 정답표가 아님.
37,5,같은 말을 자꾸 되풀이함,예) 입버릇처럼 혼잣말로 되뇌다,되뇌다,315,W0275,275,38,같은 말을 자꾸 되풀이함,예) 입버릇처럼 혼잣말로 (    ),315,되뇌다,원문 형태 유지·사전 전수검증 전,되뇌다,315,,고유어 중심,생활·학습 기초,A: 생활 맥락으로 시작,편집 초안; 학년 규준이 아님. 진단과 교사 검수로 조정,,사전·교사 검수 전,되뇌다,학습/빈칸 문장 대조에서 추정. 원문 정답표가 아님.
37,6,말을 채찍질하듯 진행을 다그침,예) 신제품 개발에 박차를 가하다,박차,316,W0276,276,38,말을 채찍질하듯 진행을 다그침,예) 신제품 개발에 (   )를 가하다,316,박차,원문 형태 유지·사전 전수검증 전,박차,316,,한자어 중심(잠정),문학·묘사·관용,B: 묘사·관용으로 확장,편집 초안; 학년 규준이 아님. 진단과 교사 검수로 조정,I049,검수대기,박차,학습/빈칸 문장 대조에서 추정. 원문 정답표가 아님.
37,7,어떤 상황이나 난관에 맞닥뜨림,예) 큰 위기에 봉착하다,봉착,317,W0277,277,38,어떤 상황이나 난관에 맞닥뜨림,예) 큰 위기에 (   )하다,317,봉착,원문 형태 유지·사전 전수검증 전,봉착,317,,한자어 중심(잠정),문학·묘사·관용,B: 묘사·관용으로 확장,편집 초안; 학년 규준이 아님. 진단과 교사 검수로 조정,,사전·교사 검수 전,봉착,학습/빈칸 문장 대조에서 추정. 원문 정답표가 아님.
37,8,만약의 경우를 대비하여 모아 둠,예) 식량을 미리 비축하다,비축,318,W0278,278,38,만약의 경우를 대비하여 모아 둠,예) 식량을 미리 (   )하다,318,비축,원문 형태 유지·사전 전수검증 전,비축,318,,한자어 중심(잠정),생활·학습 기초,A: 생활 맥락으로 시작,편집 초안; 학년 규준이 아님. 진단과 교사 검수로 조정,,사전·교사 검수 전,비축,학습/빈칸 문장 대조에서 추정. 원문 정답표가 아님.
37,9,물건이나 일이 산처럼 높이 쌓임,예) 산적한 과제 때문에 밤을 샜다,산적한,319,W0279,279,38,물건이나 일이 산처럼 높이 쌓임,예) (     ) 과제 때문에 밤을 샜다,319,산적하다,제안·국립국어원 표제/품사 검수 필요,산적,319,,한자어 중심(잠정),추상·사회·전문,C: 추상·전문 의미 확장,편집 초안; 학년 규준이 아님. 진단과 교사 검수로 조정,,사전·교사 검수 전,산적한,학습/빈칸 문장 대조에서 추정. 원문 정답표가 아님.
37,10,온갖 책을 읽고 경험을 두루 거침,예) 다양한 분야를 섭렵하다,섭렵,320,W0280,280,38,온갖 책을 읽고 경험을 두루 거침,예) 다양한 분야를 (   )하다,320,섭렵,원문 형태 유지·사전 전수검증 전,섭렵,320,,한자어 중심(잠정),문학·묘사·관용,B: 묘사·관용으로 확장,편집 초안; 학년 규준이 아님. 진단과 교사 검수로 조정,,사전·교사 검수 전,섭렵,학습/빈칸 문장 대조에서 추정. 원문 정답표가 아님.
37,11,어떤 행동을 하지 못하도록 말림,예) 친구가 그의 퇴사를 만류했다,만류하다,321,W0281,281,38,어떤 행동을 하지 못하도록 말림,예) 친구가 그의 퇴사를 (   )했다,321,만류하다,원문 형태 유지·사전 전수검증 전,만류,321,,한자어 중심(잠정),생활·학습 기초,A: 생활 맥락으로 시작,편집 초안; 학년 규준이 아님. 진단과 교사 검수로 조정,,사전·교사 검수 전,만류,학습/빈칸 문장 대조에서 추정. 원문 정답표가 아님.
37,12,권력을 완전히 자기 것으로 만듬,예)　그녀는 주도권을 장악했다,장악하다,322,W0282,282,38,권력을 완전히 자기 것으로 만듬,예)　그녀는 주도권을 (   )했다,322,장악하다,원문 형태 유지·사전 전수검증 전,장악,322,,한자어 중심(잠정),추상·사회·전문,C: 추상·전문 의미 확장,편집 초안; 학년 규준이 아님. 진단과 교사 검수로 조정,I025,검수대기,장악,학습/빈칸 문장 대조에서 추정. 원문 정답표가 아님.
37,13,강한 힘으로 눌러 통제,예) 경찰이 시위를 진압했다,진압하다,323,W0283,283,38,강한 힘으로 눌러 통제,예) 경찰이 시위를 (   )했다,323,진압하다,원문 형태 유지·사전 전수검증 전,진압,323,,한자어 중심(잠정),추상·사회·전문,C: 추상·전문 의미 확장,편집 초안; 학년 규준이 아님. 진단과 교사 검수로 조정,,사전·교사 검수 전,진압,학습/빈칸 문장 대조에서 추정. 원문 정답표가 아님.
37,14,범죄 혐의가 있는 사람을 구속,예) 형사가 범인을 체포했다,체포하다,324,W0284,284,38,범죄 혐의가 있는 사람을 구속,예) 형사가 범인을 (   )했다,324,체포하다,원문 형태 유지·사전 전수검증 전,체포,324,,한자어 중심(잠정),추상·사회·전문,C: 추상·전문 의미 확장,편집 초안; 학년 규준이 아님. 진단과 교사 검수로 조정,I050,검수대기,체포,학습/빈칸 문장 대조에서 추정. 원문 정답표가 아님.
37,15,태도나 방향 따위를 확실히 정함,예)　이사회가 안건을 결정했다,결정하다,325,W0285,285,38,태도나 방향 따위를 확실히 정함,예)　이사회가 안건을 (   )했다,325,결정하다,원문 형태 유지·사전 전수검증 전,결정,325,,한자어 중심(잠정),생활·학습 기초,A: 생활 맥락으로 시작,편집 초안; 학년 규준이 아님. 진단과 교사 검수로 조정,,사전·교사 검수 전,결정,학습/빈칸 문장 대조에서 추정. 원문 정답표가 아님.
39,1,물건을 머리에서부터 뒤집어쓰다,예)　이불을 푹 들쓰고 자다,들쓰다,326,W0286,286,40,물건을 머리에서부터 뒤집어쓰다,예)　이불을 푹 (    ) 자다,326,들쓰다,원문 형태 유지·사전 전수검증 전,들쓰다,326,,고유어 중심,문학·묘사·관용,B: 묘사·관용으로 확장,편집 초안; 학년 규준이 아님. 진단과 교사 검수로 조정,I060,검수대기,들쓰고,학습/빈칸 문장 대조에서 추정. 원문 정답표가 아님.
39,2,잠이 오지 않아 자꾸 뒤척거림,예) 궁싯거리며 밤을 지새웠다,궁싯거리다,327,W0287,287,40,잠이 오지 않아 자꾸 뒤척거림,예) (       ) 밤을 지새웠다,327,궁싯거리다,원문 형태 유지·사전 전수검증 전,궁싯거리다,327,,고유어 중심,문학·묘사·관용,B: 묘사·관용으로 확장,편집 초안; 학년 규준이 아님. 진단과 교사 검수로 조정,,사전·교사 검수 전,궁싯거리며,학습/빈칸 문장 대조에서 추정. 원문 정답표가 아님.
39,3,얌전하지 못하고 철없이 덤비다,예) 흰 나비 한 마리가 나부댄다,나부대다,328,W0288,288,40,얌전하지 못하고 철없이 덤비다,예) 흰 나비 한 마리가 (       ),328,나부대다,원문 형태 유지·사전 전수검증 전,나부대다,328,,고유어 중심,문학·묘사·관용,B: 묘사·관용으로 확장,편집 초안; 학년 규준이 아님. 진단과 교사 검수로 조정,,사전·교사 검수 전,나부댄다,학습/빈칸 문장 대조에서 추정. 원문 정답표가 아님.
39,4,속이 메스꺼워 구역질이 나다,예) 속이 자꾸 니글거리다,니글거리다,329,W0289,289,40,속이 메스꺼워 구역질이 나다,예) 속이 자꾸 (       ),329,니글거리다,원문 형태 유지·사전 전수검증 전,니글거리다,329,,고유어 중심,문학·묘사·관용,B: 묘사·관용으로 확장,편집 초안; 학년 규준이 아님. 진단과 교사 검수로 조정,I061,검수대기,니글거리다,학습/빈칸 문장 대조에서 추정. 원문 정답표가 아님.
39,5,웃으면서 이야기함,예) 부모님이 담소를 나누고 계신다,담소,330,W0290,290,40,웃으면서 이야기함,예) 부모님이 (  )를 나누고 계신다,330,담소,원문 형태 유지·사전 전수검증 전,담소,330,,한자어 중심(잠정),생활·학습 기초,A: 생활 맥락으로 시작,편집 초안; 학년 규준이 아님. 진단과 교사 검수로 조정,,사전·교사 검수 전,담소,학습/빈칸 문장 대조에서 추정. 원문 정답표가 아님.
39,6,"요구되는 바, 필요한 바",예) 많은 시간이 소요되는 일이다,소요,331,W0291,291,40,"요구되는 바, 필요한 바",예) 많은 시간이 (  )되는 일이다,331,소요,원문 형태 유지·사전 전수검증 전,소요,331,,한자어 중심(잠정),추상·사회·전문,C: 추상·전문 의미 확장,편집 초안; 학년 규준이 아님. 진단과 교사 검수로 조정,,사전·교사 검수 전,소요,학습/빈칸 문장 대조에서 추정. 원문 정답표가 아님.
39,7,산의 정상에 기어오름.,예) 일곱 살때 한라산을 등반했다,등반,332,W0292,292,40,산의 정상에 기어오름.,예) 일곱 살때 한라산을 등반했다,332,등반,원문 형태 유지·사전 전수검증 전,등반,332,,한자어 중심(잠정),생활·학습 기초,A: 생활 맥락으로 시작,편집 초안; 학년 규준이 아님. 진단과 교사 검수로 조정,I068,검수대기,,원문 정답표 없음; 불일치 또는 빈칸누락·문장변경으로 교사 지정 필요
39,8,말없이 속으로 은밀히 동의함,예) 암묵적인 합의를 이루다,암묵적,333,W0293,293,40,말없이 속으로 은밀히 동의함,예) (  )적인 합의를 이루다,333,암묵적,원문 형태 유지·사전 전수검증 전,암묵적,333,,한자어 중심(잠정),문학·묘사·관용,B: 묘사·관용으로 확장,편집 초안; 학년 규준이 아님. 진단과 교사 검수로 조정,,사전·교사 검수 전,암묵,학습/빈칸 문장 대조에서 추정. 원문 정답표가 아님.
39,9,사실과 다르게 잘못 전해짐,예) 그 소문이 와전되다,와전,334,W0294,294,40,사실과 다르게 잘못 전해짐,예) 그 소문이 (  )되다,334,와전,원문 형태 유지·사전 전수검증 전,와전,334,,한자어 중심(잠정),추상·사회·전문,C: 추상·전문 의미 확장,편집 초안; 학년 규준이 아님. 진단과 교사 검수로 조정,,사전·교사 검수 전,와전,학습/빈칸 문장 대조에서 추정. 원문 정답표가 아님.
39,10,마음속,예) 재료 순서를 염두에 두어야한다,염두,335,W0295,295,40,마음속,예) 재료 순서를 ( )에 두어야한다,335,염두,원문 형태 유지·사전 전수검증 전,염두,335,,한자어 중심(잠정),추상·사회·전문,C: 추상·전문 의미 확장,편집 초안; 학년 규준이 아님. 진단과 교사 검수로 조정,,사전·교사 검수 전,염두,학습/빈칸 문장 대조에서 추정. 원문 정답표가 아님.
39,11,정해진 길 따위를 운전하여 다님,예) 기사가 버스를 운행했다,운행하다,336,W0296,296,40,정해진 길 따위를 운전하여 다님,예) 기사가 버스를 (  )했다,336,운행하다,원문 형태 유지·사전 전수검증 전,운행,336,,한자어 중심(잠정),생활·학습 기초,A: 생활 맥락으로 시작,편집 초안; 학년 규준이 아님. 진단과 교사 검수로 조정,,사전·교사 검수 전,운행,학습/빈칸 문장 대조에서 추정. 원문 정답표가 아님.
39,12,"어떤 상태, 현상을 계속 이어 감",예) 운동선수가 건강을 유지했다,유지하다,337,W0297,297,40,"어떤 상태, 현상을 계속 이어 감",예) 운동선수가 건강을 (  )했다,337,유지하다,원문 형태 유지·사전 전수검증 전,유지,337,,한자어 중심(잠정),생활·학습 기초,A: 생활 맥락으로 시작,편집 초안; 학년 규준이 아님. 진단과 교사 검수로 조정,,사전·교사 검수 전,유지,학습/빈칸 문장 대조에서 추정. 원문 정답표가 아님.
39,13,한 곳에서 다른 곳으로 옮겨 감,예) 주민이 안전한 곳으로 이동했다,이동,338,W0298,298,40,한 곳에서 다른 곳으로 옮겨 감,예) 주민이 안전한 곳으로 (  )했다,338,이동,원문 형태 유지·사전 전수검증 전,이동,338,,한자어 중심(잠정),생활·학습 기초,A: 생활 맥락으로 시작,편집 초안; 학년 규준이 아님. 진단과 교사 검수로 조정,,사전·교사 검수 전,이동,학습/빈칸 문장 대조에서 추정. 원문 정답표가 아님.
39,14,기계 따위가 움직여 일함,예) 엔지니어가 기계를 작동했다,작동하다,339,W0299,299,40,기계 따위가 움직여 일함,예) 엔지니어가 기계를 (  )했다,339,작동하다,원문 형태 유지·사전 전수검증 전,작동,339,,한자어 중심(잠정),생활·학습 기초,A: 생활 맥락으로 시작,편집 초안; 학년 규준이 아님. 진단과 교사 검수로 조정,I051,검수대기,작동,학습/빈칸 문장 대조에서 추정. 원문 정답표가 아님.
39,15,잘못된 점을 조리 있게 공격함,예) 상대편의 주장을 논박했다.,논박하다,340,W0300,300,40,잘못된 점을 조리 있게 공격함,예) 상대편의 주장을 (   )했다.,340,논박하다,원문 형태 유지·사전 전수검증 전,논박,340,,한자어 중심(잠정),추상·사회·전문,C: 추상·전문 의미 확장,편집 초안; 학년 규준이 아님. 진단과 교사 검수로 조정,,사전·교사 검수 전,논박,학습/빈칸 문장 대조에서 추정. 원문 정답표가 아님.
41,1,마음속으로 준비하며 기회를 기다림,예) 혼내 주려고 벼르다,벼르다,341,W0301,301,42,마음속으로 준비하며 기회를 기다림,예) 혼내 주려고 (     ),341,벼르다,원문 형태 유지·사전 전수검증 전,벼르다,341,,고유어 중심,문학·묘사·관용,B: 묘사·관용으로 확장,편집 초안; 학년 규준이 아님. 진단과 교사 검수로 조정,,사전·교사 검수 전,벼르다,학습/빈칸 문장 대조에서 추정. 원문 정답표가 아님.
41,2,병이나 상처가 더 심해지다,예) 넘어져 상처가 도졌다,도지다,342,W0302,302,42,병이나 상처가 더 심해지다,예) 넘어져 상처가 (    ),342,도지다,원문 형태 유지·사전 전수검증 전,도지다,342,,고유어 중심,문학·묘사·관용,B: 묘사·관용으로 확장,편집 초안; 학년 규준이 아님. 진단과 교사 검수로 조정,,사전·교사 검수 전,도졌다,학습/빈칸 문장 대조에서 추정. 원문 정답표가 아님.
41,3,마음 깊이 깊숙하게 파고들다,예) 그리움이 가슴에 사무치다,사무치다,343,W0303,303,42,마음 깊이 깊숙하게 파고들다,예) 그리움이 가슴에 (     ),343,사무치다,원문 형태 유지·사전 전수검증 전,사무치다,343,,고유어 중심,문학·묘사·관용,B: 묘사·관용으로 확장,편집 초안; 학년 규준이 아님. 진단과 교사 검수로 조정,,사전·교사 검수 전,사무치다,학습/빈칸 문장 대조에서 추정. 원문 정답표가 아님.
41,4,한 가지 일에 매달려 정신을 쏟음,예) 그는 집념이 대단하다,집념,344,W0304,304,42,한 가지 일에 매달려 정신을 쏟음,예) 그는 (    )이 대단하다,344,집념,원문 형태 유지·사전 전수검증 전,집념,344,,한자어 중심(잠정),문학·묘사·관용,B: 묘사·관용으로 확장,편집 초안; 학년 규준이 아님. 진단과 교사 검수로 조정,,사전·교사 검수 전,집념,학습/빈칸 문장 대조에서 추정. 원문 정답표가 아님.
41,5,원래 있던 곳으로 다시 돌아옴,예) 선수들이 고국으로 귀환했다,귀환,345,W0305,305,42,원래 있던 곳으로 다시 돌아옴,예) 선수들이 고국으로 (   )했다,345,귀환,원문 형태 유지·사전 전수검증 전,귀환,345,,한자어 중심(잠정),추상·사회·전문,C: 추상·전문 의미 확장,편집 초안; 학년 규준이 아님. 진단과 교사 검수로 조정,,사전·교사 검수 전,귀환,학습/빈칸 문장 대조에서 추정. 원문 정답표가 아님.
41,6,설명하지 않아도 스스로 명백함,예) 자명한 사실을 부정하다,자명한,346,W0306,306,42,설명하지 않아도 스스로 명백함,예) (   )한 사실을 부정하다,346,자명하다,제안·국립국어원 표제/품사 검수 필요,자명,346,,한자어 중심(잠정),추상·사회·전문,C: 추상·전문 의미 확장,편집 초안; 학년 규준이 아님. 진단과 교사 검수로 조정,,사전·교사 검수 전,자명,학습/빈칸 문장 대조에서 추정. 원문 정답표가 아님.
41,7,일의 처음부터 끝까지의 모든 과정,예) 사건의 전말을 밝히다,전말,347,W0307,307,42,일의 처음부터 끝까지의 모든 과정,예) 사건의 (   )을 밝히다,347,전말,원문 형태 유지·사전 전수검증 전,전말,347,,한자어 중심(잠정),추상·사회·전문,C: 추상·전문 의미 확장,편집 초안; 학년 규준이 아님. 진단과 교사 검수로 조정,,사전·교사 검수 전,전말,학습/빈칸 문장 대조에서 추정. 원문 정답표가 아님.
41,8,몹시 고맙게 느낌.,예) 우승의 감격으로 울었다,감격,348,W0308,308,42,몹시 고맙게 느낌.,예) 우승의 (   )으로 울었다,348,감격,원문 형태 유지·사전 전수검증 전,감격,348,,한자어 중심(잠정),문학·묘사·관용,B: 묘사·관용으로 확장,편집 초안; 학년 규준이 아님. 진단과 교사 검수로 조정,,사전·교사 검수 전,감격,학습/빈칸 문장 대조에서 추정. 원문 정답표가 아님.
41,9,사정을 고려하여 헤아려 주다,예)　정상을 참작하다,참작,349,W0309,309,42,사정을 고려하여 헤아려 주다,예)　정상을 (   )하다,349,참작,원문 형태 유지·사전 전수검증 전,참작,349,,한자어 중심(잠정),추상·사회·전문,C: 추상·전문 의미 확장,편집 초안; 학년 규준이 아님. 진단과 교사 검수로 조정,,사전·교사 검수 전,참작,학습/빈칸 문장 대조에서 추정. 원문 정답표가 아님.
41,10,"위험을 경고하는 종소리, 주의 환기",예) 사회에 경종을 울리다,경종,350,W0310,310,42,"위험을 경고하는 종소리, 주의 환기",예) 사회에 (   )을 울리다,350,경종,원문 형태 유지·사전 전수검증 전,경종,350,,한자어 중심(잠정),문학·묘사·관용,B: 묘사·관용으로 확장,편집 초안; 학년 규준이 아님. 진단과 교사 검수로 조정,,사전·교사 검수 전,경종,학습/빈칸 문장 대조에서 추정. 원문 정답표가 아님.
41,11,시간이나 일의 과정이 지나감,예) 유효 기간이 경과되다,경과하다,351,W0311,311,42,시간이나 일의 과정이 지나감,예) 유효 기간이 (   )되다,351,경과하다,원문 형태 유지·사전 전수검증 전,경과,351,,한자어 중심(잠정),추상·사회·전문,C: 추상·전문 의미 확장,편집 초안; 학년 규준이 아님. 진단과 교사 검수로 조정,,사전·교사 검수 전,경과,학습/빈칸 문장 대조에서 추정. 원문 정답표가 아님.
41,12,어떤 일이 새로 일어남,예) 인근에서 사고가 발생했다,발생하다,352,W0312,312,42,어떤 일이 새로 일어남,예) 인근에서 사고가 (   )했다,352,발생하다,원문 형태 유지·사전 전수검증 전,발생,352,,한자어 중심(잠정),생활·학습 기초,A: 생활 맥락으로 시작,편집 초안; 학년 규준이 아님. 진단과 교사 검수로 조정,,사전·교사 검수 전,발생,학습/빈칸 문장 대조에서 추정. 원문 정답표가 아님.
41,13,성질이나 품질이 나쁘게 바뀜,예) 상온에서 음식이 변질되었다,변질되다,353,W0313,313,42,성질이나 품질이 나쁘게 바뀜,예) 상온에서 음식이 (   )되었다,353,변질되다,원문 형태 유지·사전 전수검증 전,변질,353,,한자어 중심(잠정),생활·학습 기초,A: 생활 맥락으로 시작,편집 초안; 학년 규준이 아님. 진단과 교사 검수로 조정,,사전·교사 검수 전,변질,학습/빈칸 문장 대조에서 추정. 원문 정답표가 아님.
41,14,사람의 생명이 끝나 죽음,예) 환자가 병원에서 사망했다,사망하다,354,W0314,314,42,사람의 생명이 끝나 죽음,예) 환자가 병원에서 (   )했다,354,사망하다,원문 형태 유지·사전 전수검증 전,사망,354,,한자어 중심(잠정),추상·사회·전문,C: 추상·전문 의미 확장,편집 초안; 학년 규준이 아님. 진단과 교사 검수로 조정,,사전·교사 검수 전,사망,학습/빈칸 문장 대조에서 추정. 원문 정답표가 아님.
41,15,"인력, 자본이 안으로 넣어짐",예) 현장에 경찰이 투입되었다,투입되다,355,W0315,315,42,"인력, 자본이 안으로 넣어짐",예) 현장에 경찰이 (   )되었다,355,투입되다,원문 형태 유지·사전 전수검증 전,투입,355,,한자어 중심(잠정),추상·사회·전문,C: 추상·전문 의미 확장,편집 초안; 학년 규준이 아님. 진단과 교사 검수로 조정,,사전·교사 검수 전,투입,학습/빈칸 문장 대조에서 추정. 원문 정답표가 아님.
43,1,없는 일을 거짓으로 꾸며 고발함.,예) 무고혐의로 구속되었다,무고,356,W0316,316,44,없는 일을 거짓으로 꾸며 고발함.,예) (    )혐의로 구속되었다,356,무고,원문 형태 유지·사전 전수검증 전,무고,356,,한자어 중심(잠정),추상·사회·전문,C: 추상·전문 의미 확장,편집 초안; 학년 규준이 아님. 진단과 교사 검수로 조정,,사전·교사 검수 전,무고,학습/빈칸 문장 대조에서 추정. 원문 정답표가 아님.
43,2,일을 전심전력을 다하여 해 나감,예) 너는 학업에만 매진해라,매진하다,357,W0317,317,44,일을 전심전력을 다하여 해 나감,예) 너는 학업에만 (   )해라,357,매진하다,원문 형태 유지·사전 전수검증 전,매진,357,,한자어 중심(잠정),추상·사회·전문,C: 추상·전문 의미 확장,편집 초안; 학년 규준이 아님. 진단과 교사 검수로 조정,,사전·교사 검수 전,매진,학습/빈칸 문장 대조에서 추정. 원문 정답표가 아님.
43,3,아무렇게나 불평 섞인 말을 내뱉다,예) 뚱딴지같은 소리를 뇌까리다,뇌까리다,358,W0318,318,44,아무렇게나 불평 섞인 말을 내뱉다,예) 뚱딴지같은 소리를 (      ),358,뇌까리다,원문 형태 유지·사전 전수검증 전,뇌까리다,358,,고유어 중심,문학·묘사·관용,B: 묘사·관용으로 확장,편집 초안; 학년 규준이 아님. 진단과 교사 검수로 조정,,사전·교사 검수 전,뇌까리다,학습/빈칸 문장 대조에서 추정. 원문 정답표가 아님.
43,4,마음을 다그쳐 단단하게 잡다,예) 느슨해진 마음을 다잡다,다잡다,359,W0319,319,44,마음을 다그쳐 단단하게 잡다,예) 느슨해진 마음을 (    ),359,다잡다,원문 형태 유지·사전 전수검증 전,다잡다,359,,고유어 중심,문학·묘사·관용,B: 묘사·관용으로 확장,편집 초안; 학년 규준이 아님. 진단과 교사 검수로 조정,,사전·교사 검수 전,다잡다,학습/빈칸 문장 대조에서 추정. 원문 정답표가 아님.
43,5,옷감 등을 치수에 맞게 자르다,예) 옷감을 조심스럽게 마름하다,마름하다,360,W0320,320,44,옷감 등을 치수에 맞게 자르다,예) 옷감을 조심스럽게 (      ),360,마름하다,원문 형태 유지·사전 전수검증 전,마름,360,,고유어 중심,문학·묘사·관용,B: 묘사·관용으로 확장,편집 초안; 학년 규준이 아님. 진단과 교사 검수로 조정,,사전·교사 검수 전,마름하다,학습/빈칸 문장 대조에서 추정. 원문 정답표가 아님.
43,6,여럿 가운데서 가려서 정함,예) 밤새워 우수작품을 선정했다,선정하다,361,W0321,321,44,여럿 가운데서 가려서 정함,예) 밤새워 우수작품을 (   )했다,361,선정하다,원문 형태 유지·사전 전수검증 전,선정,361,,한자어 중심(잠정),추상·사회·전문,C: 추상·전문 의미 확장,편집 초안; 학년 규준이 아님. 진단과 교사 검수로 조정,,사전·교사 검수 전,선정,학습/빈칸 문장 대조에서 추정. 원문 정답표가 아님.
43,7,가파르지 않다.,예) 경사가 완만한 언덕길이다,완만한,362,W0322,322,44,가파르지 않다.,예) 경사가 (     ) 언덕길이다,362,완만하다,제안·국립국어원 표제/품사 검수 필요,완만,362,,한자어 중심(잠정),추상·사회·전문,C: 추상·전문 의미 확장,편집 초안; 학년 규준이 아님. 진단과 교사 검수로 조정,,사전·교사 검수 전,완만한,학습/빈칸 문장 대조에서 추정. 원문 정답표가 아님.
43,8,사실이나 원인을 자세히 따져 밝힘,예) 진상을 철저히 규명하다,규명,363,W0323,323,44,사실이나 원인을 자세히 따져 밝힘,예) 진상을 철저히 (  )하다,363,규명,원문 형태 유지·사전 전수검증 전,규명,363,,한자어 중심(잠정),추상·사회·전문,C: 추상·전문 의미 확장,편집 초안; 학년 규준이 아님. 진단과 교사 검수로 조정,,사전·교사 검수 전,규명,학습/빈칸 문장 대조에서 추정. 원문 정답표가 아님.
43,9,함부로 나서서 마구 날뜀,예) 유언비어가 난무하다,난무,364,W0324,324,44,함부로 나서서 마구 날뜀,예) 유언비어가 (  )하다,364,난무,원문 형태 유지·사전 전수검증 전,난무,364,,한자어 중심(잠정),추상·사회·전문,C: 추상·전문 의미 확장,편집 초안; 학년 규준이 아님. 진단과 교사 검수로 조정,,사전·교사 검수 전,난무,학습/빈칸 문장 대조에서 추정. 원문 정답표가 아님.
43,10,모조리 잡아 없애 버림,예) 모기를 박멸할 약이 나왔다,박멸,365,W0325,325,44,모조리 잡아 없애 버림,예) 모기를 (    )할 약이 나왔다,365,박멸,원문 형태 유지·사전 전수검증 전,박멸,365,,한자어 중심(잠정),추상·사회·전문,C: 추상·전문 의미 확장,편집 초안; 학년 규준이 아님. 진단과 교사 검수로 조정,,사전·교사 검수 전,박멸,학습/빈칸 문장 대조에서 추정. 원문 정답표가 아님.
43,11,뿌리째 없애 버림.,예) 부정부패를 근절해야한다.,근절,366,W0326,326,44,뿌리째 없애 버림.,예) 부정부패를 (    )해야한다.,366,근절,원문 형태 유지·사전 전수검증 전,근절,366,,한자어 중심(잠정),추상·사회·전문,C: 추상·전문 의미 확장,편집 초안; 학년 규준이 아님. 진단과 교사 검수로 조정,,사전·교사 검수 전,근절,학습/빈칸 문장 대조에서 추정. 원문 정답표가 아님.
43,12,동작이 답답할 만큼 느리다.,예) 몸집이 커서 하는 짓이 굼뜨다,굼뜨다,367,W0327,327,44,동작이 답답할 만큼 느리다.,예) 몸집이 커서 하는 짓이 (     ),367,굼뜨다,원문 형태 유지·사전 전수검증 전,굼뜨다,367,,고유어 중심,생활·학습 기초,A: 생활 맥락으로 시작,편집 초안; 학년 규준이 아님. 진단과 교사 검수로 조정,,사전·교사 검수 전,굼뜨다,학습/빈칸 문장 대조에서 추정. 원문 정답표가 아님.
43,13,물건 따위를 몸에 지님,예) 승객이 신분증을 소지했다,소지하다,368,W0328,328,44,물건 따위를 몸에 지님,예) 승객이 신분증을 (  )했다,368,소지하다,원문 형태 유지·사전 전수검증 전,소지,368,,한자어 중심(잠정),생활·학습 기초,A: 생활 맥락으로 시작,편집 초안; 학년 규준이 아님. 진단과 교사 검수로 조정,,사전·교사 검수 전,소지,학습/빈칸 문장 대조에서 추정. 원문 정답표가 아님.
43,14,아이나 새끼를 임신함,예) 어머니가 아이를 잉태했다,잉태하다,369,W0329,329,44,아이나 새끼를 임신함,예) 어머니가 아이를 (  )했다,369,잉태하다,원문 형태 유지·사전 전수검증 전,잉태,369,,한자어 중심(잠정),추상·사회·전문,C: 추상·전문 의미 확장,편집 초안; 학년 규준이 아님. 진단과 교사 검수로 조정,,사전·교사 검수 전,잉태,학습/빈칸 문장 대조에서 추정. 원문 정답표가 아님.
43,15,안건이나 문서 따위를 덧붙임,예) 서류를 첨부해야 합격이다,첨부,370,W0330,330,44,안건이나 문서 따위를 덧붙임,예) 서류를 (   )해야 합격이다,370,첨부,원문 형태 유지·사전 전수검증 전,첨부,370,,한자어 중심(잠정),생활·학습 기초,A: 생활 맥락으로 시작,편집 초안; 학년 규준이 아님. 진단과 교사 검수로 조정,,사전·교사 검수 전,첨부,학습/빈칸 문장 대조에서 추정. 원문 정답표가 아님.
45,1,소화를 시키거나 화를 가라앉히다,예) 마음속 분노를 삭이다,삭이다,371,W0331,331,46,소화를 시키거나 화를 가라앉히다,예) 마음속 분노를 (       ),371,삭이다,원문 형태 유지·사전 전수검증 전,삭이다,371,,고유어 중심,문학·묘사·관용,B: 묘사·관용으로 확장,편집 초안; 학년 규준이 아님. 진단과 교사 검수로 조정,,사전·교사 검수 전,삭이다,학습/빈칸 문장 대조에서 추정. 원문 정답표가 아님.
45,2,쌀쌀맞은 태도로 업신여겨 비웃음,예) 입가에 냉소가 흐르더라,냉소,372,W0332,332,46,쌀쌀맞은 태도로 업신여겨 비웃음,예) 입가에 (    )가 흐르더라,372,냉소,원문 형태 유지·사전 전수검증 전,냉소,372,,한자어 중심(잠정),문학·묘사·관용,B: 묘사·관용으로 확장,편집 초안; 학년 규준이 아님. 진단과 교사 검수로 조정,,사전·교사 검수 전,냉소,학습/빈칸 문장 대조에서 추정. 원문 정답표가 아님.
45,3,쓸데없는 말을 계속 지껄이다,예) 교실 뒤에서 시부렁거리다,시부렁거리다,373,W0333,333,46,쓸데없는 말을 계속 지껄이다,예) 교실 뒤에서 (       ),373,시부렁거리다,원문 형태 유지·사전 전수검증 전,시부렁거리다,373,,고유어 중심,문학·묘사·관용,B: 묘사·관용으로 확장,편집 초안; 학년 규준이 아님. 진단과 교사 검수로 조정,,사전·교사 검수 전,시부렁거리다,학습/빈칸 문장 대조에서 추정. 원문 정답표가 아님.
45,4,천재지변으로 인한 피해,예) 산불로 인한 재해가 크다,재해,374,W0334,334,46,천재지변으로 인한 피해,예) 산불로 인한 (   )가 크다,374,재해,원문 형태 유지·사전 전수검증 전,재해,374,,한자어 중심(잠정),추상·사회·전문,C: 추상·전문 의미 확장,편집 초안; 학년 규준이 아님. 진단과 교사 검수로 조정,,사전·교사 검수 전,재해,학습/빈칸 문장 대조에서 추정. 원문 정답표가 아님.
45,5,말을 확실히 하지 않게 넘김,예) 말을 대충 얼버무리다,얼버무리다,375,W0335,335,46,말을 확실히 하지 않게 넘김,예) 말을 대충 (       ),375,얼버무리다,원문 형태 유지·사전 전수검증 전,얼버무리다,375,,고유어 중심,문학·묘사·관용,B: 묘사·관용으로 확장,편집 초안; 학년 규준이 아님. 진단과 교사 검수로 조정,,사전·교사 검수 전,얼버무리다,학습/빈칸 문장 대조에서 추정. 원문 정답표가 아님.
45,6,사실인 것처럼 거짓으로 꾸밈,예) 유언비어 날조가 심해지고 있다,날조,376,W0336,336,46,사실인 것처럼 거짓으로 꾸밈,예) 유언비어 (  )가 심해지고 있다,376,날조,원문 형태 유지·사전 전수검증 전,날조,376,,한자어 중심(잠정),추상·사회·전문,C: 추상·전문 의미 확장,편집 초안; 학년 규준이 아님. 진단과 교사 검수로 조정,,사전·교사 검수 전,날조,학습/빈칸 문장 대조에서 추정. 원문 정답표가 아님.
45,7,기록된 사실을 지워 없앰,예) 기록을 완전히 말소하다,말소,377,W0337,337,46,기록된 사실을 지워 없앰,예) 기록을 완전히 (   )하다,377,말소,원문 형태 유지·사전 전수검증 전,말소,377,,한자어 중심(잠정),추상·사회·전문,C: 추상·전문 의미 확장,편집 초안; 학년 규준이 아님. 진단과 교사 검수로 조정,,사전·교사 검수 전,말소,학습/빈칸 문장 대조에서 추정. 원문 정답표가 아님.
45,8,눈으로 직접 어떠한 사실을 봄,예) 현장을 생생히 목도하다,목도,378,W0338,338,46,눈으로 직접 어떠한 사실을 봄,예) 현장을 생생히 (   )하다,378,목도,원문 형태 유지·사전 전수검증 전,목도,378,,한자어 중심(잠정),문학·묘사·관용,B: 묘사·관용으로 확장,편집 초안; 학년 규준이 아님. 진단과 교사 검수로 조정,,사전·교사 검수 전,목도,학습/빈칸 문장 대조에서 추정. 원문 정답표가 아님.
45,9,어떤 잘못을 소리 높여 비판함,예) 마당에서 지금 성토하고 있다,성토,379,W0339,339,46,사정을 깊이 생각하여 헤아림,예) 그가 타당하다고 (   )되다,379,성토,원문 형태 유지·사전 전수검증 전,성토,379,,한자어 중심(잠정),추상·사회·전문,C: 추상·전문 의미 확장,편집 초안; 학년 규준이 아님. 진단과 교사 검수로 조정,I007,검수대기,,원문 정답표 없음; 불일치 또는 빈칸누락·문장변경으로 교사 지정 필요
45,10,명성이나 국위를 널리 떨치게 함,예) BTS는 국위를 선양하다,선양,380,W0340,340,46,명성이나 국위를 널리 떨치게 함,예) BTS는 국위를 (   )하다,380,선양,원문 형태 유지·사전 전수검증 전,선양,380,,한자어 중심(잠정),문학·묘사·관용,B: 묘사·관용으로 확장,편집 초안; 학년 규준이 아님. 진단과 교사 검수로 조정,,사전·교사 검수 전,선양,학습/빈칸 문장 대조에서 추정. 원문 정답표가 아님.
45,11,물건을 자기 것으로 가짐,예) 그가 넓은 땅을 소유했다,소유하다,381,W0341,341,46,물건을 자기 것으로 가짐,예) 그가 넓은 땅을 (   )했다,381,소유하다,원문 형태 유지·사전 전수검증 전,소유,381,,한자어 중심(잠정),추상·사회·전문,C: 추상·전문 의미 확장,편집 초안; 학년 규준이 아님. 진단과 교사 검수로 조정,,사전·교사 검수 전,소유,학습/빈칸 문장 대조에서 추정. 원문 정답표가 아님.
45,12,여러 곳에서 물건을 거두어 모음,예) 미화원이 쓰레기를 수거했다,수거하다,382,W0342,342,46,여러 곳에서 물건을 거두어 모음,예) 미화원이 쓰레기를 (   )했다,382,수거하다,원문 형태 유지·사전 전수검증 전,수거,382,,한자어 중심(잠정),생활·학습 기초,A: 생활 맥락으로 시작,편집 초안; 학년 규준이 아님. 진단과 교사 검수로 조정,,사전·교사 검수 전,수거,학습/빈칸 문장 대조에서 추정. 원문 정답표가 아님.
45,13,어린아이를 돌보아 기름,예) 보육시설이 많아져서 다행이다,보육,383,W0343,343,46,어린아이를 돌보아 기름,예) (   )시설이 많아져서 다행이다,383,보육,원문 형태 유지·사전 전수검증 전,보육,383,,한자어 중심(잠정),생활·학습 기초,A: 생활 맥락으로 시작,편집 초안; 학년 규준이 아님. 진단과 교사 검수로 조정,,사전·교사 검수 전,보육,학습/빈칸 문장 대조에서 추정. 원문 정답표가 아님.
45,14,심은 농작물을 거두어들임,예) 농부가 곡식을 많이 수확했다,수확하다,384,W0344,344,46,심은 농작물을 거두어들임,예) 농부가 곡식을 많이 (   )했다,384,수확하다,원문 형태 유지·사전 전수검증 전,수확,384,,한자어 중심(잠정),생활·학습 기초,A: 생활 맥락으로 시작,편집 초안; 학년 규준이 아님. 진단과 교사 검수로 조정,,사전·교사 검수 전,수확,학습/빈칸 문장 대조에서 추정. 원문 정답표가 아님.
45,15,국가나 단체가 돈을 거두어들임,예) 정부가 세금을 징수했다,징수하다,385,W0345,345,46,국가나 단체가 돈을 거두어들임,예) 정부가 세금을 (   )했다,385,징수하다,원문 형태 유지·사전 전수검증 전,징수,385,,한자어 중심(잠정),생활·학습 기초,A: 생활 맥락으로 시작,편집 초안; 학년 규준이 아님. 진단과 교사 검수로 조정,,사전·교사 검수 전,징수,학습/빈칸 문장 대조에서 추정. 원문 정답표가 아님.
47,1,문학·예술·학문에서 모방함,예) 대가의 아류에 불과하다,아류,386,W0346,346,48,문학·예술·학문에서 모방함,예) 대가의 (   )에 불과하다,386,아류,원문 형태 유지·사전 전수검증 전,아류,386,,한자어 중심(잠정),문학·묘사·관용,B: 묘사·관용으로 확장,편집 초안; 학년 규준이 아님. 진단과 교사 검수로 조정,,사전·교사 검수 전,아류,학습/빈칸 문장 대조에서 추정. 원문 정답표가 아님.
47,2,갑자기 덮치거나 들이닥침,예) 공포가 엄습하다,엄습,387,W0347,347,48,갑자기 덮치거나 들이닥침,예) 공포가 (  )하다,387,엄습,원문 형태 유지·사전 전수검증 전,엄습,387,,한자어 중심(잠정),문학·묘사·관용,B: 묘사·관용으로 확장,편집 초안; 학년 규준이 아님. 진단과 교사 검수로 조정,,사전·교사 검수 전,엄습,학습/빈칸 문장 대조에서 추정. 원문 정답표가 아님.
47,3,망설여 일의 집행을 뒤로 미룸,예) 형의 집행을 유예하다,유예,388,W0348,348,48,망설여 일의 집행을 뒤로 미룸,예) 형의 집행을 (  )하다,388,유예,원문 형태 유지·사전 전수검증 전,유예,388,,한자어 중심(잠정),추상·사회·전문,C: 추상·전문 의미 확장,편집 초안; 학년 규준이 아님. 진단과 교사 검수로 조정,,사전·교사 검수 전,유예,학습/빈칸 문장 대조에서 추정. 원문 정답표가 아님.
47,4,지위가 높고 귀하다.,예) 여배우가 고귀한 성품을 가졌다,고귀한,389,W0349,349,48,지위가 높고 귀하다.,예) 여배우가 (    ) 성품을 가졌다,389,고귀하다,제안·국립국어원 표제/품사 검수 필요,고귀,389,,한자어 중심(잠정),문학·묘사·관용,B: 묘사·관용으로 확장,편집 초안; 학년 규준이 아님. 진단과 교사 검수로 조정,,사전·교사 검수 전,고귀한,학습/빈칸 문장 대조에서 추정. 원문 정답표가 아님.
47,5,약이나 높은 열로 세균을 죽임,예) 살균된 우유를 먹어야 한다,살균,390,W0350,350,48,약이나 높은 열로 세균을 죽임,예) (    )된 우유를 먹어야 한다,390,살균,원문 형태 유지·사전 전수검증 전,살균,390,,한자어 중심(잠정),생활·학습 기초,A: 생활 맥락으로 시작,편집 초안; 학년 규준이 아님. 진단과 교사 검수로 조정,,사전·교사 검수 전,살균,학습/빈칸 문장 대조에서 추정. 원문 정답표가 아님.
47,6,"법률, 규칙에 부딪쳐 어긋남",예) 법률에 저촉되는 행위다,저촉,391,W0351,351,48,"법률, 규칙에 부딪쳐 어긋남",예) 법률에 (  )되는 행위다,391,저촉,원문 형태 유지·사전 전수검증 전,저촉,391,,한자어 중심(잠정),추상·사회·전문,C: 추상·전문 의미 확장,편집 초안; 학년 규준이 아님. 진단과 교사 검수로 조정,,사전·교사 검수 전,저촉,학습/빈칸 문장 대조에서 추정. 원문 정답표가 아님.
47,7,"위아래, 앞뒤 차례가 뒤바뀜",예) 주객이 전도되다,전도되다,392,W0352,352,48,"위아래, 앞뒤 차례가 뒤바뀜",예) 주객이 (  )되다,392,전도되다,원문 형태 유지·사전 전수검증 전,전도,392,,한자어 중심(잠정),추상·사회·전문,C: 추상·전문 의미 확장,편집 초안; 학년 규준이 아님. 진단과 교사 검수로 조정,,사전·교사 검수 전,전도,학습/빈칸 문장 대조에서 추정. 원문 정답표가 아님.
47,8,잘못을 밝혀내어 따지고 나무람.,예) 잘못된 것은 규탄해야한다,규탄,393,W0353,353,48,잘못을 밝혀내어 따지고 나무람.,예) 잘못된 것은 (     )해야한다,393,규탄,원문 형태 유지·사전 전수검증 전,규탄,393,,한자어 중심(잠정),추상·사회·전문,C: 추상·전문 의미 확장,편집 초안; 학년 규준이 아님. 진단과 교사 검수로 조정,,사전·교사 검수 전,규탄,학습/빈칸 문장 대조에서 추정. 원문 정답표가 아님.
47,9,예를 갖춰 불러 맞아들임,예) 전문 교수님을 초빙했다,초빙,394,W0354,354,48,예를 갖춰 불러 맞아들임,예) 전문 교수님을 (     )했다,394,초빙,원문 형태 유지·사전 전수검증 전,초빙,394,,한자어 중심(잠정),추상·사회·전문,C: 추상·전문 의미 확장,편집 초안; 학년 규준이 아님. 진단과 교사 검수로 조정,,사전·교사 검수 전,초빙,학습/빈칸 문장 대조에서 추정. 원문 정답표가 아님.
47,10,"주변에서 흔히 볼 수 있는, 비슷한",예) 비근한 예를 들다,비근한,395,W0355,355,48,주변에서 흔히 볼 수 있어 가깝다,예) (     ) 예를 들다,395,비근하다,제안·국립국어원 표제/품사 검수 필요,비근,395,,한자어 중심(잠정),추상·사회·전문,C: 추상·전문 의미 확장,편집 초안; 학년 규준이 아님. 진단과 교사 검수로 조정,,사전·교사 검수 전,비근한,학습/빈칸 문장 대조에서 추정. 원문 정답표가 아님.
47,11,원하는 것을 얻어 냄,예) 선수가 금메달을 획득했다,획득하다,396,W0356,356,48,원하는 것을 얻어 냄,예) 선수가 금메달을 (  )했다,396,획득하다,원문 형태 유지·사전 전수검증 전,획득,396,,한자어 중심(잠정),생활·학습 기초,A: 생활 맥락으로 시작,편집 초안; 학년 규준이 아님. 진단과 교사 검수로 조정,,사전·교사 검수 전,획득,학습/빈칸 문장 대조에서 추정. 원문 정답표가 아님.
47,12,슬프고 가슴이 아프다.,예) 애통해서 땅을 치고 울었다,애통하다,397,W0357,357,48,슬프고 가슴이 아프다.,예) (     )해서 땅을 치고 울었다,397,애통하다,원문 형태 유지·사전 전수검증 전,애통,397,,한자어 중심(잠정),문학·묘사·관용,B: 묘사·관용으로 확장,편집 초안; 학년 규준이 아님. 진단과 교사 검수로 조정,,사전·교사 검수 전,애통,학습/빈칸 문장 대조에서 추정. 원문 정답표가 아님.
47,13,일정한 액수에 얼마를 더 얹음.,예) 시간이 늦어 할증 요금을 냈다,할증,398,W0358,358,48,일정한 액수에 얼마를 더 얹음.,예) 시간이 늦어 (   ) 요금을 냈다,398,할증,원문 형태 유지·사전 전수검증 전,할증,398,,한자어 중심(잠정),추상·사회·전문,C: 추상·전문 의미 확장,편집 초안; 학년 규준이 아님. 진단과 교사 검수로 조정,,사전·교사 검수 전,할증,학습/빈칸 문장 대조에서 추정. 원문 정답표가 아님.
47,14,하던 일을 도중에 그만둠,예) 심판이 경기를 중지했다,중지하다,399,W0359,359,48,하던 일을 도중에 그만둠,예) 심판이 경기를 (  )했다,399,중지하다,원문 형태 유지·사전 전수검증 전,중지,399,,한자어 중심(잠정),생활·학습 기초,A: 생활 맥락으로 시작,편집 초안; 학년 규준이 아님. 진단과 교사 검수로 조정,,사전·교사 검수 전,중지,학습/빈칸 문장 대조에서 추정. 원문 정답표가 아님.
47,15,"제시했던 주장, 의견을 거두어들임",예) 노조가 파업을 철회했다,철회하다,400,W0360,360,48,"제시했던 주장, 의견을 거두어들임",예) 노조가 파업을 (  )했다,400,철회하다,원문 형태 유지·사전 전수검증 전,철회,400,,한자어 중심(잠정),추상·사회·전문,C: 추상·전문 의미 확장,편집 초안; 학년 규준이 아님. 진단과 교사 검수로 조정,,사전·교사 검수 전,철회,학습/빈칸 문장 대조에서 추정. 원문 정답표가 아님.
49,1,일부러 마음을 숨기고,예) 그를 짐짓 모른 척하다,짐짓,401,W0361,361,50,일부러 마음을 숨기고,예) 그를 (   ) 모른 척하다,401,짐짓,원문 형태 유지·사전 전수검증 전,짐짓,401,,고유어 중심,문학·묘사·관용,B: 묘사·관용으로 확장,편집 초안; 학년 규준이 아님. 진단과 교사 검수로 조정,,사전·교사 검수 전,짐짓,학습/빈칸 문장 대조에서 추정. 원문 정답표가 아님.
49,2,도망하여 몸을 피함.,예) 가까스로 도피해 살아남았다,도피하다,402,W0362,362,50,도망하여 몸을 피함.,예) 가까스로 (    )해 살아남았다,402,도피하다,원문 형태 유지·사전 전수검증 전,도피,402,,한자어 중심(잠정),생활·학습 기초,A: 생활 맥락으로 시작,편집 초안; 학년 규준이 아님. 진단과 교사 검수로 조정,,사전·교사 검수 전,도피,학습/빈칸 문장 대조에서 추정. 원문 정답표가 아님.
49,3,대체로 보아서,예) 무릇 인간이란 존재,무릇,403,W0363,363,50,대체로 보아서,예) (   ) 인간이란 존재,403,무릇,원문 형태 유지·사전 전수검증 전,무릇,403,,고유어 중심,문학·묘사·관용,B: 묘사·관용으로 확장,편집 초안; 학년 규준이 아님. 진단과 교사 검수로 조정,,사전·교사 검수 전,무릇,학습/빈칸 문장 대조에서 추정. 원문 정답표가 아님.
49,4,어떤 일을 사실인 듯이 꾸며 만듦.,예) 사건이 조작되어 누명을 썼다,조작,404,W0364,364,50,눈에 띄게 시원스럽게,예) 물건이 (   ) 마음에 들다,404,조작,원문 형태 유지·사전 전수검증 전,조작,404,,한자어 중심(잠정),추상·사회·전문,C: 추상·전문 의미 확장,편집 초안; 학년 규준이 아님. 진단과 교사 검수로 조정,I008,검수대기,,원문 정답표 없음; 불일치 또는 빈칸누락·문장변경으로 교사 지정 필요
49,5,대충 어림잡아,예) 얼추 계산이 끝나다,얼추,405,W0365,365,50,대충 어림잡아,예) (   ) 계산이 끝나다,405,얼추,원문 형태 유지·사전 전수검증 전,얼추,405,,고유어 중심,생활·학습 기초,A: 생활 맥락으로 시작,편집 초안; 학년 규준이 아님. 진단과 교사 검수로 조정,,사전·교사 검수 전,얼추,학습/빈칸 문장 대조에서 추정. 원문 정답표가 아님.
49,6,"땀을 흘리지 않는 무리, 강도 떼",예) 이 불한당 같은 놈들아,불한당,406,W0366,366,50,"땀을 흘리지 않는 무리, 강도 떼",예) 이 (     ) 같은 놈들아,406,불한당,원문 형태 유지·사전 전수검증 전,불한당,406,,한자어 중심(잠정),문학·묘사·관용,B: 묘사·관용으로 확장,편집 초안; 학년 규준이 아님. 진단과 교사 검수로 조정,,사전·교사 검수 전,불한당,학습/빈칸 문장 대조에서 추정. 원문 정답표가 아님.
49,7,억울하게 뒤집어쓴 불명예,예) 누명 쓴 것이 억울해 소리쳤다,누명,407,W0367,367,50,억울하게 뒤집어쓴 불명예,예) 누명 쓴 것이 억울해 소리쳤다,407,누명,원문 형태 유지·사전 전수검증 전,누명,407,,한자어 중심(잠정),추상·사회·전문,C: 추상·전문 의미 확장,편집 초안; 학년 규준이 아님. 진단과 교사 검수로 조정,I069,검수대기,,원문 정답표 없음; 불일치 또는 빈칸누락·문장변경으로 교사 지정 필요
49,8,불볕더위,예) 사막처럼 연일 폭염이다,폭염,408,W0368,368,50,불볕더위,예) 사막처럼 연일 (    )이다,408,폭염,원문 형태 유지·사전 전수검증 전,폭염,408,,한자어 중심(잠정),생활·학습 기초,A: 생활 맥락으로 시작,편집 초안; 학년 규준이 아님. 진단과 교사 검수로 조정,,사전·교사 검수 전,폭염,학습/빈칸 문장 대조에서 추정. 원문 정답표가 아님.
49,9,염치를 깨뜨려 부끄러움을 모름,예) 파렴치한 범죄를 저지르다,파렴치,409,W0369,369,50,염치를 깨뜨려 부끄러움을 모름,예) (   )한 범죄를 저지르다,409,파렴치,원문 형태 유지·사전 전수검증 전,파렴치,409,,한자어 중심(잠정),추상·사회·전문,C: 추상·전문 의미 확장,편집 초안; 학년 규준이 아님. 진단과 교사 검수로 조정,,사전·교사 검수 전,파렴치,학습/빈칸 문장 대조에서 추정. 원문 정답표가 아님.
49,10,불을 당기는 선처럼 사건이 일어남,예) 전쟁의 도화선이 되다,도화선,410,W0370,370,50,불을 당기는 선처럼 사건이 일어남,예) 전쟁의 (   )이 되다,410,도화선,원문 형태 유지·사전 전수검증 전,도화선,410,,한자어 중심(잠정),문학·묘사·관용,B: 묘사·관용으로 확장,편집 초안; 학년 규준이 아님. 진단과 교사 검수로 조정,,사전·교사 검수 전,도화선,학습/빈칸 문장 대조에서 추정. 원문 정답표가 아님.
49,11,기운이 누그러들지 않음,예)올 여름은 더위가 기승을 부린다,기승,411,W0371,371,50,기운이 누그러들지 않음,예)올 여름은 더위가 (  )을 부린다,411,기승,원문 형태 유지·사전 전수검증 전,기승,411,,한자어 중심(잠정),문학·묘사·관용,B: 묘사·관용으로 확장,편집 초안; 학년 규준이 아님. 진단과 교사 검수로 조정,,사전·교사 검수 전,기승,학습/빈칸 문장 대조에서 추정. 원문 정답표가 아님.
49,12,어떤 한계나 표준을 뛰어넘음,예) 상상을 초월한 작품이다,초월,412,W0372,372,50,어떤 한계나 표준을 뛰어넘음,예) 상상을 (    )한 작품이다,412,초월,원문 형태 유지·사전 전수검증 전,초월,412,,한자어 중심(잠정),추상·사회·전문,C: 추상·전문 의미 확장,편집 초안; 학년 규준이 아님. 진단과 교사 검수로 조정,,사전·교사 검수 전,초월,학습/빈칸 문장 대조에서 추정. 원문 정답표가 아님.
49,13,기관에서 증명서를 발부함,예) 주민등록등본을 발급받다.,발급하다,413,W0373,373,50,기관에서 증명서를 발부함,예) 주민등록등본을 (   )받다.,413,발급하다,원문 형태 유지·사전 전수검증 전,발급,413,,한자어 중심(잠정),생활·학습 기초,A: 생활 맥락으로 시작,편집 초안; 학년 규준이 아님. 진단과 교사 검수로 조정,,사전·교사 검수 전,발급,학습/빈칸 문장 대조에서 추정. 원문 정답표가 아님.
49,14,"학업, 교육 과정을 모두 마치다",예) AI교육 과정을 수료했다.,수료하다,414,W0374,374,50,"학업, 교육 과정을 모두 마치다",예) AI교육 과정을 (   )했다.,414,수료하다,원문 형태 유지·사전 전수검증 전,수료,414,,한자어 중심(잠정),생활·학습 기초,A: 생활 맥락으로 시작,편집 초안; 학년 규준이 아님. 진단과 교사 검수로 조정,,사전·교사 검수 전,수료,학습/빈칸 문장 대조에서 추정. 원문 정답표가 아님.
49,15,방해되거나 불필요한 것을 없애다,예)　장애물을 제거해 사고를 막음,제거하다,415,W0375,375,50,방해되거나 불필요한 것을 없애다,예)　장애물을 (   )해 사고를 막음,415,제거하다,원문 형태 유지·사전 전수검증 전,제거,415,,한자어 중심(잠정),생활·학습 기초,A: 생활 맥락으로 시작,편집 초안; 학년 규준이 아님. 진단과 교사 검수로 조정,,사전·교사 검수 전,제거,학습/빈칸 문장 대조에서 추정. 원문 정답표가 아님.
51,1,윗사람이 세상을 떠남.,예) 나이가 많이 드셔서 별세하셨다,별세,416,W0376,376,52,윗사람이 세상을 떠남.,예) 나이가 많이 드셔서 (  )하셨다,416,별세,원문 형태 유지·사전 전수검증 전,별세,416,,한자어 중심(잠정),추상·사회·전문,C: 추상·전문 의미 확장,편집 초안; 학년 규준이 아님. 진단과 교사 검수로 조정,,사전·교사 검수 전,별세,학습/빈칸 문장 대조에서 추정. 원문 정답표가 아님.
51,2,일의 희망·가망이 적다.,예) 이길 확률이 아주 희박하다,희박한,417,W0377,377,52,일의 희망·가망이 적다.,예) 이길 확률이 아주 (     )하다,417,희박하다,제안·국립국어원 표제/품사 검수 필요,희박,417,,한자어 중심(잠정),추상·사회·전문,C: 추상·전문 의미 확장,편집 초안; 학년 규준이 아님. 진단과 교사 검수로 조정,,사전·교사 검수 전,희박,학습/빈칸 문장 대조에서 추정. 원문 정답표가 아님.
51,3,변함없이 언제나,예) 이 부부는 노상 붙어 다니다,노상,418,W0378,378,52,변함없이 언제나,예) 이 부부는 (   ) 붙어 다니다,418,노상,원문 형태 유지·사전 전수검증 전,노상,418,,고유어 중심,문학·묘사·관용,B: 묘사·관용으로 확장,편집 초안; 학년 규준이 아님. 진단과 교사 검수로 조정,,사전·교사 검수 전,노상,학습/빈칸 문장 대조에서 추정. 원문 정답표가 아님.
51,4,마음에 사무치도록 아주,예)　분위기가 사뭇 다르다,사뭇,419,W0379,379,52,마음에 사무치도록 아주,예)　분위기가 (   ) 다르다,419,사뭇,원문 형태 유지·사전 전수검증 전,사뭇,419,,고유어 중심,문학·묘사·관용,B: 묘사·관용으로 확장,편집 초안; 학년 규준이 아님. 진단과 교사 검수로 조정,,사전·교사 검수 전,사뭇,학습/빈칸 문장 대조에서 추정. 원문 정답표가 아님.
51,5,생각보다 훨씬 아주,예) 계획은 자못 기대가 크다,자못,420,W0380,380,52,생각보다 훨씬 아주,예) 계획은 (   ) 기대가 크다,420,자못,원문 형태 유지·사전 전수검증 전,자못,420,,고유어 중심,문학·묘사·관용,B: 묘사·관용으로 확장,편집 초안; 학년 규준이 아님. 진단과 교사 검수로 조정,,사전·교사 검수 전,자못,학습/빈칸 문장 대조에서 추정. 원문 정답표가 아님.
51,6,입신출세에 연결되는 어려운 관문,예)　신인 작가의 등용문이다,등용문,421,W0381,381,52,입신출세에 연결되는 어려운 관문,예)　신인 작가의 (   )이다,421,등용문,원문 형태 유지·사전 전수검증 전,등용문,421,,한자어 중심(잠정),문학·묘사·관용,B: 묘사·관용으로 확장,편집 초안; 학년 규준이 아님. 진단과 교사 검수로 조정,,사전·교사 검수 전,등용문,학습/빈칸 문장 대조에서 추정. 원문 정답표가 아님.
51,7,부끄러움을 씻기 위해 치르는 경기,예)　승리를 위한 설욕전이다,설욕전,422,W0382,382,52,부끄러움을 씻기 위해 치르는 경기,예)　승리를 위한 (   )이다,422,설욕전,원문 형태 유지·사전 전수검증 전,설욕전,422,,한자어 중심(잠정),추상·사회·전문,C: 추상·전문 의미 확장,편집 초안; 학년 규준이 아님. 진단과 교사 검수로 조정,,사전·교사 검수 전,설욕전,학습/빈칸 문장 대조에서 추정. 원문 정답표가 아님.
51,8,세상 돌아가는 모습이 복잡함,예) 요지경 같은 세상이다,요지경,423,W0383,383,52,세상 돌아가는 모습이 복잡함,예) (      ) 같은 세상이다,423,요지경,원문 형태 유지·사전 전수검증 전,요지경,423,,한자어 중심(잠정),문학·묘사·관용,B: 묘사·관용으로 확장,편집 초안; 학년 규준이 아님. 진단과 교사 검수로 조정,,사전·교사 검수 전,요지경,학습/빈칸 문장 대조에서 추정. 원문 정답표가 아님.
51,9,"소설, 연극의 사건의 마지막 장면",예) 감동적인 대단원의 막을 내리다,대단원,424,W0384,384,52,"소설, 연극의 사건의 마지막 장면",예) 감동적인 (   )의 막을 내리다,424,대단원,원문 형태 유지·사전 전수검증 전,대단원,424,,한자어 중심(잠정),문학·묘사·관용,B: 묘사·관용으로 확장,편집 초안; 학년 규준이 아님. 진단과 교사 검수로 조정,I052,검수대기,대단원,학습/빈칸 문장 대조에서 추정. 원문 정답표가 아님.
51,10,앞으로 잘될 것이라 기대를 모으는 대상,예) 이 선수는 차세대 기대주이다,기대주,425,W0385,385,52,앞으로 잘될 것이라 기대를 모으는 대상,예) 이 선수는 차세대 (   )이다,425,기대주,원문 형태 유지·사전 전수검증 전,기대주,425,,한자어 중심(잠정),추상·사회·전문,C: 추상·전문 의미 확장,편집 초안; 학년 규준이 아님. 진단과 교사 검수로 조정,,사전·교사 검수 전,기대주,학습/빈칸 문장 대조에서 추정. 원문 정답표가 아님.
51,11,어떤 일에 같이 참여함,예)　시민이 환경 보호에 동참했다,동참,426,W0386,386,52,어떤 일에 같이 참여함,예)　시민이 환경 보호에 (   )했다,426,동참,원문 형태 유지·사전 전수검증 전,동참,426,,한자어 중심(잠정),추상·사회·전문,C: 추상·전문 의미 확장,편집 초안; 학년 규준이 아님. 진단과 교사 검수로 조정,,사전·교사 검수 전,동참,학습/빈칸 문장 대조에서 추정. 원문 정답표가 아님.
51,12,조건이나 시험 기준에 맞아 붙음,예) 열심히 공부해서 합격했다,합격,427,W0387,387,52,조건이나 시험 기준에 맞아 붙음,예) 열심히 공부해서 (   )했다,427,합격,원문 형태 유지·사전 전수검증 전,합격,427,,한자어 중심(잠정),생활·학습 기초,A: 생활 맥락으로 시작,편집 초안; 학년 규준이 아님. 진단과 교사 검수로 조정,,사전·교사 검수 전,합격,학습/빈칸 문장 대조에서 추정. 원문 정답표가 아님.
51,13,"실력, 수준, 기술이 좋은 상태로 발전",예) 꾸준한 연습해 실력이 향상됐다,향상되다,428,W0388,388,52,"실력, 수준, 기술이 좋은 상태로 발전",예) 꾸준한 연습해 실력이 (  )됐다,428,향상되다,원문 형태 유지·사전 전수검증 전,향상,428,,한자어 중심(잠정),생활·학습 기초,A: 생활 맥락으로 시작,편집 초안; 학년 규준이 아님. 진단과 교사 검수로 조정,I026,검수대기,향상,학습/빈칸 문장 대조에서 추정. 원문 정답표가 아님.
51,14,떨어지지 않게 붙다,예) 안내문이 게시판에 부착됐다,부착,429,W0389,389,52,떨어지지 않게 붙다,예) 안내문이 게시판에 (   )됐다,429,부착,원문 형태 유지·사전 전수검증 전,부착,429,,한자어 중심(잠정),생활·학습 기초,A: 생활 맥락으로 시작,편집 초안; 학년 규준이 아님. 진단과 교사 검수로 조정,,사전·교사 검수 전,부착,학습/빈칸 문장 대조에서 추정. 원문 정답표가 아님.
51,15,"어떤 일, 현상에 곁따라 같이 일어남",예) 권리에는 의무가 수반된다,수반되다,430,W0390,390,52,"어떤 일, 현상에 곁따라 같이 일어남",예) 권리에는 의무가 (   )된다,430,수반되다,원문 형태 유지·사전 전수검증 전,수반,430,,한자어 중심(잠정),추상·사회·전문,C: 추상·전문 의미 확장,편집 초안; 학년 규준이 아님. 진단과 교사 검수로 조정,,사전·교사 검수 전,수반,학습/빈칸 문장 대조에서 추정. 원문 정답표가 아님.
53,1,남에게 베푸는 후한 마음,예) 짝이 지우개를 선심쓰듯 주었다,선심쓰다,431,W0391,391,54,남에게 베푸는 후한 마음,예) 짝이 지우개를 (     ) 주었다,431,선심 쓰다,제안·국립국어원 표제/품사 검수 필요,선심 쓰다,431,,혼합·표현,생활·학습 기초,A: 생활 맥락으로 시작,편집 초안; 학년 규준이 아님. 진단과 교사 검수로 조정,I053,검수대기,선심쓰듯,학습/빈칸 문장 대조에서 추정. 원문 정답표가 아님.
53,2,시물이 자라기 힘든 거친 땅.,예) 황무지를 개간해 옥토가 되었다,황무지,432,W0392,392,54,시물이 자라기 힘든 거친 땅.,예) (    )를 개간해 옥토가 되었다,432,황무지,원문 형태 유지·사전 전수검증 전,황무지,432,,한자어 중심(잠정),추상·사회·전문,C: 추상·전문 의미 확장,편집 초안; 학년 규준이 아님. 진단과 교사 검수로 조정,I027,검수대기,황무지,학습/빈칸 문장 대조에서 추정. 원문 정답표가 아님.
53,3,매우 뛰어나다,예) 홍길동은 비범한 재주를 가졌다,비범,433,W0393,393,54,매우 뛰어나다,예) 홍길동은 (  )한 재주를 가졌다,433,비범,원문 형태 유지·사전 전수검증 전,비범,433,,한자어 중심(잠정),추상·사회·전문,C: 추상·전문 의미 확장,편집 초안; 학년 규준이 아님. 진단과 교사 검수로 조정,,사전·교사 검수 전,비범,학습/빈칸 문장 대조에서 추정. 원문 정답표가 아님.
53,4,남달리 뛰어나고 훌륭하다.,예) 넌 보기보다 영특한 아이구나,영특하다,434,W0394,394,54,남달리 뛰어나고 훌륭하다.,예) 넌 보기보다 (   )하구나!,434,영특하다,원문 형태 유지·사전 전수검증 전,영특,434,,한자어 중심(잠정),생활·학습 기초,A: 생활 맥락으로 시작,편집 초안; 학년 규준이 아님. 진단과 교사 검수로 조정,,사전·교사 검수 전,,원문 정답표 없음; 불일치 또는 빈칸누락·문장변경으로 교사 지정 필요
53,5,매운맛이나 향이 알알하다,예) 음식이 알싸한 마늘 맛이다,알싸하다,435,W0395,395,54,매운맛이나 향이 알알하다,예) 음식이 (   ) 마늘 맛이다,435,알싸하다,원문 형태 유지·사전 전수검증 전,알싸,435,,고유어 중심,문학·묘사·관용,B: 묘사·관용으로 확장,편집 초안; 학년 규준이 아님. 진단과 교사 검수로 조정,,사전·교사 검수 전,알싸한,학습/빈칸 문장 대조에서 추정. 원문 정답표가 아님.
53,6,마음이 좁고 간사한 무리,예) 그는 이익만 좇는 소인배다,소인배,436,W0396,396,54,마음이 좁고 간사한 무리,예) 그는 이익만 좇는 (   )다,436,소인배,원문 형태 유지·사전 전수검증 전,소인배,436,,한자어 중심(잠정),문학·묘사·관용,B: 묘사·관용으로 확장,편집 초안; 학년 규준이 아님. 진단과 교사 검수로 조정,,사전·교사 검수 전,소인배,학습/빈칸 문장 대조에서 추정. 원문 정답표가 아님.
53,7,억지가 심하여 융통성이 없는 고집,예) 남의 말을 듣지 않는 옹고집이다,옹고집,437,W0397,397,54,억지가 심하여 융통성이 없는 고집,예) 남의 말을 듣지 않는 (   )이다,437,옹고집,원문 형태 유지·사전 전수검증 전,옹고집,437,,고유어 중심,문학·묘사·관용,B: 묘사·관용으로 확장,편집 초안; 학년 규준이 아님. 진단과 교사 검수로 조정,,사전·교사 검수 전,옹고집,학습/빈칸 문장 대조에서 추정. 원문 정답표가 아님.
53,8,"매우 용감함, 일인당백",예) 나는 일당백 인재다,일당백,438,W0398,398,54,"매우 용감함, 일인당백",예) 나는 (     ) 인재다,438,일당백,원문 형태 유지·사전 전수검증 전,일당백,438,,한자어 중심(잠정),문학·묘사·관용,B: 묘사·관용으로 확장,편집 초안; 학년 규준이 아님. 진단과 교사 검수로 조정,I054,검수대기,일당백,학습/빈칸 문장 대조에서 추정. 원문 정답표가 아님.
53,9,넌지시 깨우쳐 줌. 힌트.,예) 주제를 암시하는 구절이 있다,암시,439,W0399,399,54,넌지시 깨우쳐 줌. 힌트.,예) 주제를 (   )하는 구절이 있다,439,암시,원문 형태 유지·사전 전수검증 전,암시,439,,한자어 중심(잠정),생활·학습 기초,A: 생활 맥락으로 시작,편집 초안; 학년 규준이 아님. 진단과 교사 검수로 조정,,사전·교사 검수 전,암시,학습/빈칸 문장 대조에서 추정. 원문 정답표가 아님.
53,10,병에 걸리지 않을 저항력이 있음.,예) 운동은 면역 기능을 높혀준다,면역,440,W0400,400,54,병에 걸리지 않을 저항력이 있음.,예) 운동은 (   ) 기능을 높혀준다,440,면역,원문 형태 유지·사전 전수검증 전,면역,440,,한자어 중심(잠정),생활·학습 기초,A: 생활 맥락으로 시작,편집 초안; 학년 규준이 아님. 진단과 교사 검수로 조정,I028,검수대기,면역,학습/빈칸 문장 대조에서 추정. 원문 정답표가 아님.
53,11,사물이 생겨나는 본바탕,예) 이 강의 근원을 찾아보자,근원,441,W0401,401,54,"어떤 일, 현상의 첫 단계",예) 함성과 함께 경기가 (   )됐다,441,근원,원문 형태 유지·사전 전수검증 전,근원,441,,한자어 중심(잠정),생활·학습 기초,A: 생활 맥락으로 시작,편집 초안; 학년 규준이 아님. 진단과 교사 검수로 조정,I009,검수대기,,원문 정답표 없음; 불일치 또는 빈칸누락·문장변경으로 교사 지정 필요
53,12,"사람, 사물에 몸이나 마음을 기댐",예) 목표에 굳은 의지를 보이다,의지하다,442,W0402,402,54,사물이 생겨나는 본바탕,예) 이 강의 (    )을 찾아보자,442,의지하다,원문 형태 유지·사전 전수검증 전,의지,442,,한자어 중심(잠정),생활·학습 기초,A: 생활 맥락으로 시작,편집 초안; 학년 규준이 아님. 진단과 교사 검수로 조정,I010,검수대기,,원문 정답표 없음; 불일치 또는 빈칸누락·문장변경으로 교사 지정 필요
53,13,대금을 주고받아 거래 관계를 끝맺다,예)　식사 후 카드로 결제했다.,결제,443,W0403,403,54,대금을 주고받아 거래 관계를 끝맺다,예)　식사 후 카드로 (   )했다,443,결제,원문 형태 유지·사전 전수검증 전,결제,443,,한자어 중심(잠정),생활·학습 기초,A: 생활 맥락으로 시작,편집 초안; 학년 규준이 아님. 진단과 교사 검수로 조정,,사전·교사 검수 전,결제,학습/빈칸 문장 대조에서 추정. 원문 정답표가 아님.
53,14,어떤 과정의 마지막이나 끝,예)　궁극적인 너의 목표가 뭐냐,궁극적인,444,W0404,404,54,일이나 진행을 막아 못 하도록 해침,예)　수면 부족은 건강을 (   )한다,444,궁극적,제안·국립국어원 표제/품사 검수 필요,궁극적,444,,한자어 중심(잠정),추상·사회·전문,C: 추상·전문 의미 확장,편집 초안; 학년 규준이 아님. 진단과 교사 검수로 조정,I011,검수대기,,원문 정답표 없음; 불일치 또는 빈칸누락·문장변경으로 교사 지정 필요
53,15,뛰어오름. 급격한 발전,예) 1년을 돌아보니 도약이 보인다,도약,445,W0405,405,54,뛰어오름. 급격한 발전,예) 1년을 돌아보니 (   )이 보인다,445,도약,원문 형태 유지·사전 전수검증 전,도약,445,,한자어 중심(잠정),추상·사회·전문,C: 추상·전문 의미 확장,편집 초안; 학년 규준이 아님. 진단과 교사 검수로 조정,,사전·교사 검수 전,도약,학습/빈칸 문장 대조에서 추정. 원문 정답표가 아님.
55,1,화려하게 곱다.,예) 화사한 옷차림을 하고 나갔다,화사하다,446,W0406,406,56,화려하게 곱다.,예) (     ) 옷차림을 하고 나갔다,446,화사하다,원문 형태 유지·사전 전수검증 전,화사,446,,한자어 중심(잠정),문학·묘사·관용,B: 묘사·관용으로 확장,편집 초안; 학년 규준이 아님. 진단과 교사 검수로 조정,,사전·교사 검수 전,화사한,학습/빈칸 문장 대조에서 추정. 원문 정답표가 아님.
55,2,두 가지 일을 한꺼번에 행함.,예) 숙제와 청소를 병행하기 힘들다,병행,447,W0407,407,56,두 가지 일을 한꺼번에 행함.,예) 숙제와 청소를 (  )하기 힘들다,447,병행,원문 형태 유지·사전 전수검증 전,병행,447,,한자어 중심(잠정),생활·학습 기초,A: 생활 맥락으로 시작,편집 초안; 학년 규준이 아님. 진단과 교사 검수로 조정,,사전·교사 검수 전,병행,학습/빈칸 문장 대조에서 추정. 원문 정답표가 아님.
55,3,성질이 급하고 억세다,예)　성격이 괄괄한 사람이다,괄괄하다,448,W0408,408,56,성질이 급하고 억세다,예)　성격이 (   )한 사람이다,448,괄괄하다,원문 형태 유지·사전 전수검증 전,괄괄,448,,고유어 중심,문학·묘사·관용,B: 묘사·관용으로 확장,편집 초안; 학년 규준이 아님. 진단과 교사 검수로 조정,,사전·교사 검수 전,괄괄,학습/빈칸 문장 대조에서 추정. 원문 정답표가 아님.
55,4,가냘프고 애처롭다,예) 애잔한 눈빛으로 바라보다,애잔하다,449,W0409,409,56,가냘프고 애처롭다,예) (     ) 눈빛으로 바라보다,449,애잔하다,원문 형태 유지·사전 전수검증 전,애잔,449,,한자어 중심(잠정),문학·묘사·관용,B: 묘사·관용으로 확장,편집 초안; 학년 규준이 아님. 진단과 교사 검수로 조정,,사전·교사 검수 전,애잔한,학습/빈칸 문장 대조에서 추정. 원문 정답표가 아님.
55,5,"행동, 마음씨가 야비하고 얄밉다",예) 그는 얍삽하게 승리했다,얍삽하다,450,W0410,410,56,"행동, 마음씨가 야비하고 얄밉다",예) 그는 (   )하게 승리했다,450,얍삽하다,원문 형태 유지·사전 전수검증 전,얍삽,450,,고유어 중심,문학·묘사·관용,B: 묘사·관용으로 확장,편집 초안; 학년 규준이 아님. 진단과 교사 검수로 조정,,사전·교사 검수 전,얍삽,학습/빈칸 문장 대조에서 추정. 원문 정답표가 아님.
55,6,소식을 전함. 소식을 적은 종이.,예) 도착하면 꼭 기별부터 해하,기별,451,W0411,411,56,소식을 전함. 소식을 적은 종이.,예) 도착하면 꼭 (   )부터 해하,451,기별,원문 형태 유지·사전 전수검증 전,기별,451,,한자어 중심(잠정),문학·묘사·관용,B: 묘사·관용으로 확장,편집 초안; 학년 규준이 아님. 진단과 교사 검수로 조정,I029,검수대기,기별,학습/빈칸 문장 대조에서 추정. 원문 정답표가 아님.
55,7,"글재주를 겨루던 시험, 글짓기 대회",예) 이번 백일장에서 상을 받다,백일장,452,W0412,412,56,"글재주를 겨루던 시험, 글짓기 대회",예) 이번 (    )에서 상을 받다,452,백일장,원문 형태 유지·사전 전수검증 전,백일장,452,,한자어 중심(잠정),생활·학습 기초,A: 생활 맥락으로 시작,편집 초안; 학년 규준이 아님. 진단과 교사 검수로 조정,,사전·교사 검수 전,백일장,학습/빈칸 문장 대조에서 추정. 원문 정답표가 아님.
55,8,순진하고 소박하다.,예) 순박한 시골 청년.,순박한,453,W0413,413,56,상대 기권으로 싸우지 않고 올라감,예)　행운의 (   )으로 결승 진출,453,순박하다,제안·국립국어원 표제/품사 검수 필요,순박,453,,한자어 중심(잠정),문학·묘사·관용,B: 묘사·관용으로 확장,편집 초안; 학년 규준이 아님. 진단과 교사 검수로 조정,I012,검수대기,,원문 정답표 없음; 불일치 또는 빈칸누락·문장변경으로 교사 지정 필요
55,9,자기 스스로 자랑하는 마음,예) 학교에 대한 자긍심부터 가져라,자긍심,454,W0414,414,56,자기 스스로 자랑하는 마음,예) 학교에 대한 (    )부터 가져라,454,자긍심,원문 형태 유지·사전 전수검증 전,자긍심,454,,한자어 중심(잠정),문학·묘사·관용,B: 묘사·관용으로 확장,편집 초안; 학년 규준이 아님. 진단과 교사 검수로 조정,,사전·교사 검수 전,자긍심,학습/빈칸 문장 대조에서 추정. 원문 정답표가 아님.
55,10,썩 가깝게 맞닿아 있다,예) 그 아이와 더욱 밀접해졌다,밀접,455,W0415,415,56,썩 가깝게 맞닿아 있다,예) 그 아이와 더욱 (    )해졌다,455,밀접,원문 형태 유지·사전 전수검증 전,밀접,455,,한자어 중심(잠정),추상·사회·전문,C: 추상·전문 의미 확장,편집 초안; 학년 규준이 아님. 진단과 교사 검수로 조정,,사전·교사 검수 전,밀접,학습/빈칸 문장 대조에서 추정. 원문 정답표가 아님.
55,11,"통로나 빛, 흐름 등을 막거나 끊음",예)　방음벽 설치로 소음을 차단했다,차단하다,456,W0416,416,56,"통로나 빛, 흐름 등을 막거나 끊음",예)　방음벽 설치로 소음을 (   )했다,456,차단하다,원문 형태 유지·사전 전수검증 전,차단,456,,한자어 중심(잠정),생활·학습 기초,A: 생활 맥락으로 시작,편집 초안; 학년 규준이 아님. 진단과 교사 검수로 조정,,사전·교사 검수 전,차단,학습/빈칸 문장 대조에서 추정. 원문 정답표가 아님.
55,12,"법, 규칙, 행동을 하지 못하게 막음",예) 박물관 내부 촬영을 금지한다,금지,457,W0417,417,56,"법, 규칙, 행동을 하지 못하게 막음",예) 박물관 내부 촬영을 (   )한다,457,금지,원문 형태 유지·사전 전수검증 전,금지,457,,한자어 중심(잠정),생활·학습 기초,A: 생활 맥락으로 시작,편집 초안; 학년 규준이 아님. 진단과 교사 검수로 조정,,사전·교사 검수 전,금지,학습/빈칸 문장 대조에서 추정. 원문 정답표가 아님.
55,13,단단히 붙여 꼭 봉함,예) 남은 음식을 밀봉했다.,밀봉,458,W0418,418,56,단단히 붙여 꼭 봉함,예) 남은 음식을 (   )했다.,458,밀봉,원문 형태 유지·사전 전수검증 전,밀봉,458,,한자어 중심(잠정),생활·학습 기초,A: 생활 맥락으로 시작,편집 초안; 학년 규준이 아님. 진단과 교사 검수로 조정,,사전·교사 검수 전,밀봉,학습/빈칸 문장 대조에서 추정. 원문 정답표가 아님.
55,14,"적의 공격, 비판을 막아냄",예)　있는 힘을 다해 방어하다,방어하다,459,W0419,419,56,"적의 공격, 비판을 막아냄",예)　있는 힘을 다해 (   )하다,459,방어하다,원문 형태 유지·사전 전수검증 전,방어,459,,한자어 중심(잠정),생활·학습 기초,A: 생활 맥락으로 시작,편집 초안; 학년 규준이 아님. 진단과 교사 검수로 조정,,사전·교사 검수 전,방어,학습/빈칸 문장 대조에서 추정. 원문 정답표가 아님.
55,15,"감정, 충동, 현상을 꾹 누름",예) 야식을 먹고 싶은 충동을 억제했다,억제하다,460,W0420,420,56,"감정, 충동, 현상을 꾹 누름",예) 야식을 먹고 싶은 충동을 (   )했다,460,억제하다,원문 형태 유지·사전 전수검증 전,억제,460,,한자어 중심(잠정),생활·학습 기초,A: 생활 맥락으로 시작,편집 초안; 학년 규준이 아님. 진단과 교사 검수로 조정,,사전·교사 검수 전,억제,학습/빈칸 문장 대조에서 추정. 원문 정답표가 아님.
57,1,힘으로 으르고 협박함,예) 말투가 위협적이어서 겁이났다,위협적,461,W0421,421,58,힘으로 으르고 협박함,예) 말투가 (     )이어서 겁이났다,461,위협적,원문 형태 유지·사전 전수검증 전,위협적,461,,한자어 중심(잠정),추상·사회·전문,C: 추상·전문 의미 확장,편집 초안; 학년 규준이 아님. 진단과 교사 검수로 조정,,사전·교사 검수 전,위협적,학습/빈칸 문장 대조에서 추정. 원문 정답표가 아님.
57,2,특별하게 다름. 훨씬 뛰어남.,예) 그 식당의 파스타는 독특하다,독특하다,462,W0422,422,58,특별하게 다름. 훨씬 뛰어남.,예) 그 식당의 파스타는 독특하다,462,독특하다,원문 형태 유지·사전 전수검증 전,독특,462,,한자어 중심(잠정),생활·학습 기초,A: 생활 맥락으로 시작,편집 초안; 학년 규준이 아님. 진단과 교사 검수로 조정,I055;I070,검수대기,,원문 정답표 없음; 불일치 또는 빈칸누락·문장변경으로 교사 지정 필요
57,3,인정이 없고 쌀쌀맞음,예) 내 부탁을 매몰차게 거절하다,매몰차다,463,W0423,423,58,인정이 없고 쌀쌀맞음,예) 내 부탁을 (     ) 거절하다,463,매몰차다,원문 형태 유지·사전 전수검증 전,매몰차다,463,,고유어 중심,문학·묘사·관용,B: 묘사·관용으로 확장,편집 초안; 학년 규준이 아님. 진단과 교사 검수로 조정,,사전·교사 검수 전,매몰차게,학습/빈칸 문장 대조에서 추정. 원문 정답표가 아님.
57,4,무안하거나 부끄러워 어색,예)　아이가 머쓱한 표정을 짓다,머쓱하다,464,W0424,424,58,무안하거나 부끄러워 어색,예)　아이가 (   ) 표정을 짓다,464,머쓱하다,원문 형태 유지·사전 전수검증 전,머쓱,464,,고유어 중심,생활·학습 기초,A: 생활 맥락으로 시작,편집 초안; 학년 규준이 아님. 진단과 교사 검수로 조정,,사전·교사 검수 전,머쓱한,학습/빈칸 문장 대조에서 추정. 원문 정답표가 아님.
57,5,마음이 쏠려 움직임,예)　솔깃한 투자 제안을 받다,솔깃하다,465,W0425,425,58,마음이 쏠려 움직임,예)　(   ) 투자 제안을 받다,465,솔깃하다,원문 형태 유지·사전 전수검증 전,솔깃,465,,고유어 중심,생활·학습 기초,A: 생활 맥락으로 시작,편집 초안; 학년 규준이 아님. 진단과 교사 검수로 조정,,사전·교사 검수 전,솔깃한,학습/빈칸 문장 대조에서 추정. 원문 정답표가 아님.
57,6,어떤 일에 직접 관계가 있는 사람,예) 사건 당사자를 소환했다,당사자,466,W0426,426,58,어떤 일에 직접 관계가 있는 사람,예) 사건 (   )를 소환했다,466,당사자,원문 형태 유지·사전 전수검증 전,당사자,466,,한자어 중심(잠정),추상·사회·전문,C: 추상·전문 의미 확장,편집 초안; 학년 규준이 아님. 진단과 교사 검수로 조정,,사전·교사 검수 전,당사자,학습/빈칸 문장 대조에서 추정. 원문 정답표가 아님.
57,7,어떤 일을 앞장서서 이끄는 사람,예) 파업의 주동자를 검거했다,주동자,467,W0427,427,58,어떤 일을 앞장서서 이끄는 사람,예) 파업의 (   )를 검거했다,467,주동자,원문 형태 유지·사전 전수검증 전,주동자,467,,한자어 중심(잠정),추상·사회·전문,C: 추상·전문 의미 확장,편집 초안; 학년 규준이 아님. 진단과 교사 검수로 조정,,사전·교사 검수 전,주동자,학습/빈칸 문장 대조에서 추정. 원문 정답표가 아님.
57,8,"책, 유물, 경기 등을 구경하는 사람",예)　많은 경기 관람자가 모였다,관람,468,W0428,428,58,"책, 유물, 경기 등을 구경하는 사람",예)　많은 경기 (   )자가 모였다,468,관람,원문 형태 유지·사전 전수검증 전,관람,468,,한자어 중심(잠정),생활·학습 기초,A: 생활 맥락으로 시작,편집 초안; 학년 규준이 아님. 진단과 교사 검수로 조정,I056,검수대기,관람,학습/빈칸 문장 대조에서 추정. 원문 정답표가 아님.
57,9,일을 벌이기를 좋아하는 사람,예)　호사가의 입에 오르내리다,호사가,469,W0429,429,58,일을 벌이기를 좋아하는 사람,예)　(   )의 입에 오르내리다,469,호사가,원문 형태 유지·사전 전수검증 전,호사가,469,,한자어 중심(잠정),추상·사회·전문,C: 추상·전문 의미 확장,편집 초안; 학년 규준이 아님. 진단과 교사 검수로 조정,I057,검수대기,호사가,학습/빈칸 문장 대조에서 추정. 원문 정답표가 아님.
57,10,물의 본질을 꿰뚫어 보는 안목,예) 리더라면 혜안이 있어야  한다,혜안,470,W0430,430,58,물의 본질을 꿰뚫어 보는 안목,예) 리더라면 (   )이 있어야  한다,470,혜안,원문 형태 유지·사전 전수검증 전,혜안,470,,한자어 중심(잠정),추상·사회·전문,C: 추상·전문 의미 확장,편집 초안; 학년 규준이 아님. 진단과 교사 검수로 조정,I030,검수대기,혜안,학습/빈칸 문장 대조에서 추정. 원문 정답표가 아님.
57,11,"좋지 않은 일, 사고를 막음",예) 재발 방지를 위한 회의를 하다,방지,471,W0431,431,58,"좋지 않은 일, 사고를 막음",예) 재발 (   )를 위한 회의를 하다,471,방지,원문 형태 유지·사전 전수검증 전,방지,471,,한자어 중심(잠정),생활·학습 기초,A: 생활 맥락으로 시작,편집 초안; 학년 규준이 아님. 진단과 교사 검수로 조정,,사전·교사 검수 전,방지,학습/빈칸 문장 대조에서 추정. 원문 정답표가 아님.
57,12,다른 곳에 머무르다,예)　외국에 오래 체류하다,체류,472,W0432,432,58,다른 곳에 머무르다,예)　외국에 오래 (   )하다,472,체류,원문 형태 유지·사전 전수검증 전,체류,472,,한자어 중심(잠정),추상·사회·전문,C: 추상·전문 의미 확장,편집 초안; 학년 규준이 아님. 진단과 교사 검수로 조정,,사전·교사 검수 전,체류,학습/빈칸 문장 대조에서 추정. 원문 정답표가 아님.
57,13,배를 닻을 내려 멈추다,예) 항구에 배가 하루만 정박하다,정박,473,W0433,433,58,배를 닻을 내려 멈추다,예) 항구에 배가 하루만 (   )하다,473,정박,원문 형태 유지·사전 전수검증 전,정박,473,,한자어 중심(잠정),추상·사회·전문,C: 추상·전문 의미 확장,편집 초안; 학년 규준이 아님. 진단과 교사 검수로 조정,,사전·교사 검수 전,정박,학습/빈칸 문장 대조에서 추정. 원문 정답표가 아님.
57,14,차를 잠시 멈추다,예)　정류장에 버스가 정차하다,정차하다,474,W0434,434,58,차를 잠시 멈추다,예)　정류장에 버스가 (   )하다,474,정차하다,원문 형태 유지·사전 전수검증 전,정차,474,,한자어 중심(잠정),생활·학습 기초,A: 생활 맥락으로 시작,편집 초안; 학년 규준이 아님. 진단과 교사 검수로 조정,,사전·교사 검수 전,정차,학습/빈칸 문장 대조에서 추정. 원문 정답표가 아님.
57,15,막혀서 통하지 못해 머물러 그침,예)　귀성길 정체가 심하다,정체하다,475,W0435,435,58,막혀서 통하지 못해 머물러 그침,예)　귀성길 (   )가 심하다,475,정체하다,원문 형태 유지·사전 전수검증 전,정체,475,,한자어 중심(잠정),추상·사회·전문,C: 추상·전문 의미 확장,편집 초안; 학년 규준이 아님. 진단과 교사 검수로 조정,,사전·교사 검수 전,정체,학습/빈칸 문장 대조에서 추정. 원문 정답표가 아님.
59,1,겉모양이 지저분하고 허름함,예) 옷차림이 추레하다,추레하다,476,W0436,436,60,겉모양이 지저분하고 허름,예) 옷차림이 (   )하다,476,추레하다,원문 형태 유지·사전 전수검증 전,추레,476,,고유어 중심,문학·묘사·관용,B: 묘사·관용으로 확장,편집 초안; 학년 규준이 아님. 진단과 교사 검수로 조정,,사전·교사 검수 전,추레,학습/빈칸 문장 대조에서 추정. 원문 정답표가 아님.
59,2,몹시 심한 추위,예) 극한의 추위가 몰려올 것이다,극한,477,W0437,437,60,"성격, 태도가 부드럽고 상냥",예)　(        ) 말씨를 쓰다,477,극한,원문 형태 유지·사전 전수검증 전,극한,477,,한자어 중심(잠정),문학·묘사·관용,B: 묘사·관용으로 확장,편집 초안; 학년 규준이 아님. 진단과 교사 검수로 조정,I013;I058,검수대기,,원문 정답표 없음; 불일치 또는 빈칸누락·문장변경으로 교사 지정 필요
59,3,드나드는 목의 첫머리,예) 금방 마을 어귀에 접아들었다,어귀,478,W0438,438,60,드나드는 목의 첫머리,예) 금방 마을 (    )에 접아들었다,478,어귀,원문 형태 유지·사전 전수검증 전,어귀,478,,고유어 중심,문학·묘사·관용,B: 묘사·관용으로 확장,편집 초안; 학년 규준이 아님. 진단과 교사 검수로 조정,I031,검수대기,어귀,학습/빈칸 문장 대조에서 추정. 원문 정답표가 아님.
59,4,하는 짓이 더럽고 지저분함,예) 든적스러운 행동을 삼가다,든적스럽다,479,W0439,439,60,하는 짓이 더럽고 지저분하다,예) (        ) 행동을 삼가다,479,든적스럽다,원문 형태 유지·사전 전수검증 전,든적스럽다,479,,고유어 중심,문학·묘사·관용,B: 묘사·관용으로 확장,편집 초안; 학년 규준이 아님. 진단과 교사 검수로 조정,I062,검수대기,든적스러운,학습/빈칸 문장 대조에서 추정. 원문 정답표가 아님.
59,5,하지 않던 일을 하여 생소함,예) 새삼스럽게 왜 그러니,새삼스럽다,480,W0440,440,60,하지 않던 일을 하여 생소하다,예) (        )  왜 그러니?,480,새삼스럽다,원문 형태 유지·사전 전수검증 전,새삼스럽다,480,,고유어 중심,문학·묘사·관용,B: 묘사·관용으로 확장,편집 초안; 학년 규준이 아님. 진단과 교사 검수로 조정,,사전·교사 검수 전,새삼스럽게,학습/빈칸 문장 대조에서 추정. 원문 정답표가 아님.
59,6,어떤 분야에 독자적인 경지에 이른 견해,예) 이 분야에 일가견이 있다,일가견,481,W0441,441,60,어떤 분야에 독자적인 경지에 이른 견해,예) 이 분야에 (   )이 있다,481,일가견,원문 형태 유지·사전 전수검증 전,일가견,481,,한자어 중심(잠정),문학·묘사·관용,B: 묘사·관용으로 확장,편집 초안; 학년 규준이 아님. 진단과 교사 검수로 조정,,사전·교사 검수 전,일가견,학습/빈칸 문장 대조에서 추정. 원문 정답표가 아님.
59,7,늘 옆에 두고 가르침을 삼는 문구,예) 인생의 좌우명으로 삼다,좌우명,482,W0442,442,60,늘 옆에 두고 가르침을 삼는 문구,예) 인생의 (   )으로 삼다,482,좌우명,원문 형태 유지·사전 전수검증 전,좌우명,482,,한자어 중심(잠정),문학·묘사·관용,B: 묘사·관용으로 확장,편집 초안; 학년 규준이 아님. 진단과 교사 검수로 조정,,사전·교사 검수 전,좌우명,학습/빈칸 문장 대조에서 추정. 원문 정답표가 아님.
59,8,구체적인 미래 계획,예) 미래의 청사진을 제시하다,청사진,483,W0443,443,60,구체적인 미래 계획,예) 미래의 (   )을 제시하다,483,청사진,원문 형태 유지·사전 전수검증 전,청사진,483,,한자어 중심(잠정),문학·묘사·관용,B: 묘사·관용으로 확장,편집 초안; 학년 규준이 아님. 진단과 교사 검수로 조정,,사전·교사 검수 전,청사진,학습/빈칸 문장 대조에서 추정. 원문 정답표가 아님.
59,9,아름다움을 살피고 감상하는 안목,예)　미술품을 보는 심미안이 있다.,심미안,484,W0444,444,60,아름다움을 살피고 감상하는 안목,예)　미술품을 보는 (   )이 있다.,484,심미안,원문 형태 유지·사전 전수검증 전,심미안,484,,한자어 중심(잠정),문학·묘사·관용,B: 묘사·관용으로 확장,편집 초안; 학년 규준이 아님. 진단과 교사 검수로 조정,,사전·교사 검수 전,심미안,학습/빈칸 문장 대조에서 추정. 원문 정답표가 아님.
59,10,뿔을 겨루듯 서로 이기려고 다툼,예) 치열하게 각축을 벌이다,각축,485,W0445,445,60,뿔을 겨루듯 서로 이기려고 다툼,예) 치열하게 (   )을 벌이다,485,각축,원문 형태 유지·사전 전수검증 전,각축,485,,한자어 중심(잠정),추상·사회·전문,C: 추상·전문 의미 확장,편집 초안; 학년 규준이 아님. 진단과 교사 검수로 조정,,사전·교사 검수 전,각축,학습/빈칸 문장 대조에서 추정. 원문 정답표가 아님.
59,11,분위기나 세력이 가라앉음,예) 경제가 불황으로 침체되다,침체,486,W0446,446,60,분위기나 세력이 가라앉다,예) 경제가 불황으로 (   )되다,486,침체,원문 형태 유지·사전 전수검증 전,침체,486,,한자어 중심(잠정),추상·사회·전문,C: 추상·전문 의미 확장,편집 초안; 학년 규준이 아님. 진단과 교사 검수로 조정,,사전·교사 검수 전,침체,학습/빈칸 문장 대조에서 추정. 원문 정답표가 아님.
59,12,‘나이’의 높임말.,예) 할아버지께 연세를 여쭈었다,연세,487,W0447,447,60,‘나이’의 높임말.,예) 할아버지께 (   )를 여쭈었다,487,연세,원문 형태 유지·사전 전수검증 전,연세,487,,한자어 중심(잠정),생활·학습 기초,A: 생활 맥락으로 시작,편집 초안; 학년 규준이 아님. 진단과 교사 검수로 조정,,사전·교사 검수 전,연세,학습/빈칸 문장 대조에서 추정. 원문 정답표가 아님.
59,13,비웃거나 깔보면서 놀림,예) 선배가 조롱하듯 나를 본다,조롱하다,488,W0448,448,60,비웃거나 깔보면서 놀림,예) 선배가 조롱하듯 나를 본다,488,조롱하다,원문 형태 유지·사전 전수검증 전,조롱,488,,한자어 중심(잠정),추상·사회·전문,C: 추상·전문 의미 확장,편집 초안; 학년 규준이 아님. 진단과 교사 검수로 조정,I071,검수대기,,원문 정답표 없음; 불일치 또는 빈칸누락·문장변경으로 교사 지정 필요
59,14,어떤 문제를 말함,예) 중간고사 계획을 언급했다,언급하다,489,W0449,449,60,어떤 문제를 말하다,예) 신제품 계획을 (   )했다,489,언급하다,원문 형태 유지·사전 전수검증 전,언급,489,,한자어 중심(잠정),생활·학습 기초,A: 생활 맥락으로 시작,편집 초안; 학년 규준이 아님. 진단과 교사 검수로 조정,,사전·교사 검수 전,,원문 정답표 없음; 불일치 또는 빈칸누락·문장변경으로 교사 지정 필요
59,15,감각이 지나치게 날카롭다,예) 시험때라 신경이 많이 예민하다,예민하다,490,W0450,450,60,감각이 지나치게 날카롭다,예) 시험때라 신경이 많이 ( )하다,490,예민하다,원문 형태 유지·사전 전수검증 전,예민,490,,한자어 중심(잠정),생활·학습 기초,A: 생활 맥락으로 시작,편집 초안; 학년 규준이 아님. 진단과 교사 검수로 조정,,사전·교사 검수 전,예민,학습/빈칸 문장 대조에서 추정. 원문 정답표가 아님.
